critic_rating,is_action,is_exclusive_to_us,is_portable,is_role_playing,is_sequel,is_sports,suitable_for_kids,total_earnings,unit_price
0.5,1.0,0.0,1.0,0.0,1.0,0.0,0.0,0.374713960925,1.0
0.833333333333,0.0,0.0,0.0,0.0,1.0,1.0,0.0,0.192425278645,0.5
0.333333333333,0.0,0.0,0.0,0.0,1.0,1.0,0.0,0.114851851167,0.5
0.833333333333,1.0,0.0,0.0,0.0,0.0,0.0,1.0,0.142452080368,0.0
0.666666666667,1.0,0.0,1.0,0.0,1.0,0.0,1.0,0.480682427312,1.0
0.666666666667,0.0,0.0,0.0,1.0,1.0,0.0,0.0,0.139720153047,0.0
0.0,1.0,0.0,0.0,0.0,1.0,0.0,0.0,0.113387922589,0.5
0.833333333333,0.0,0.0,1.0,1.0,1.0,0.0,1.0,0.449067484889,1.0
0.5,0.0,0.0,1.0,0.0,0.0,1.0,0.0,0.061274283285,0.0
0.166666666667,1.0,0.0,0.0,0.0,1.0,0.0,0.0,0.206680098335,1.0
0.833333333333,1.0,0.0,1.0,0.0,1.0,0.0,0.0,0.477754570156,1.0
0.5,0.0,0.0,0.0,1.0,0.0,0.0,0.0,0.13232657437,1.0
0.5,0.0,0.0,0.0,1.0,1.0,0.0,0.0,0.179253618233,0.5
0.666666666667,0.0,0.0,0.0,1.0,0.0,0.0,0.0,0.163357424077,1.0
0.5,0.0,0.0,0.0,1.0,1.0,0.0,0.0,0.239466922977,1.0
0.666666666667,0.0,0.0,0.0,1.0,1.0,0.0,1.0,0.312068168795,1.0
0.5,1.0,0.0,0.0,0.0,1.0,0.0,0.0,0.228528123325,0.5
0.333333333333,1.0,0.0,0.0,0.0,1.0,0.0,1.0,0.292745050923,1.0
0.166666666667,1.0,1.0,0.0,0.0,1.0,0.0,0.0,0.348056413005,0.5
1.0,1.0,0.0,0.0,0.0,1.0,0.0,0.0,0.427992088871,1.0
0.666666666667,0.0,0.0,0.0,0.0,1.0,1.0,0.0,0.224831333986,1.0
0.833333333333,0.0,0.0,0.0,0.0,0.0,1.0,1.0,0.12802351158,0.5
0.166666666667,0.0,1.0,0.0,1.0,1.0,0.0,1.0,0.401645071256,1.0
0.666666666667,1.0,0.0,0.0,0.0,1.0,0.0,1.0,0.29634202695,0.5
0.833333333333,1.0,0.0,0.0,0.0,1.0,0.0,1.0,0.248609083011,0.0
0.833333333333,0.0,0.0,0.0,0.0,1.0,1.0,1.0,0.289233101052,1.0
0.0,0.0,0.0,0.0,1.0,1.0,0.0,1.0,0.0628343283858,0.0
0.5,1.0,0.0,1.0,0.0,1.0,0.0,0.0,0.295366074564,0.5
0.5,0.0,0.0,0.0,1.0,1.0,0.0,1.0,0.269325890464,1.0
0.0,1.0,0.0,1.0,0.0,0.0,0.0,1.0,0.10460804791,0.5
0.5,1.0,1.0,0.0,0.0,1.0,0.0,0.0,0.465148518512,0.5
0.833333333333,0.0,0.0,0.0,0.0,1.0,1.0,1.0,0.288649008336,1.0
0.833333333333,1.0,0.0,0.0,0.0,0.0,0.0,0.0,0.177301713462,0.5
0.5,0.0,0.0,0.0,0.0,1.0,1.0,0.0,0.193216391564,1.0
0.333333333333,1.0,0.0,0.0,0.0,1.0,0.0,0.0,0.248834587161,1.0
0.333333333333,0.0,1.0,0.0,1.0,1.0,0.0,0.0,0.417452542467,1.0
0.666666666667,0.0,0.0,0.0,1.0,1.0,0.0,0.0,0.27342562984,1.0
0.5,1.0,1.0,0.0,0.0,1.0,0.0,0.0,0.57904290124,1.0
0.5,1.0,0.0,0.0,0.0,1.0,0.0,0.0,0.298600765235,1.0
0.0,0.0,0.0,1.0,1.0,1.0,0.0,0.0,0.177408920353,1.0
0.666666666667,0.0,0.0,0.0,1.0,1.0,0.0,0.0,0.208524796214,0.5
0.0,0.0,0.0,1.0,0.0,0.0,1.0,1.0,0.0136596366056,0.0
0.666666666667,0.0,0.0,0.0,0.0,1.0,1.0,1.0,0.254690301473,1.0
1.0,0.0,0.0,0.0,0.0,1.0,1.0,0.0,0.287477126116,1.0
0.0,1.0,1.0,1.0,0.0,1.0,0.0,0.0,0.457263266853,1.0
0.666666666667,1.0,0.0,0.0,0.0,0.0,0.0,1.0,0.12294042624,0.0
0.833333333333,1.0,1.0,0.0,0.0,1.0,0.0,0.0,0.439847692279,0.0
0.5,0.0,1.0,1.0,0.0,1.0,1.0,0.0,0.506445352212,1.0
0.166666666667,1.0,0.0,0.0,0.0,1.0,0.0,1.0,0.240638805198,1.0
0.666666666667,0.0,0.0,0.0,1.0,0.0,0.0,0.0,0.162769634572,1.0
0.666666666667,0.0,0.0,0.0,1.0,1.0,0.0,0.0,0.2710818654,1.0
0.666666666667,0.0,0.0,0.0,1.0,1.0,0.0,0.0,0.140892035267,0.0
0.833333333333,1.0,1.0,0.0,0.0,1.0,0.0,0.0,0.735365335206,1.0
0.833333333333,0.0,0.0,0.0,0.0,1.0,1.0,0.0,0.253518419253,1.0
0.833333333333,1.0,0.0,0.0,0.0,0.0,0.0,0.0,0.241810687418,1.0
0.666666666667,0.0,0.0,1.0,1.0,1.0,0.0,0.0,0.344267203933,1.0
0.666666666667,0.0,0.0,0.0,1.0,0.0,0.0,0.0,0.159841777416,1.0
0.666666666667,1.0,0.0,1.0,0.0,1.0,0.0,0.0,0.24744089758,0.0
0.833333333333,1.0,0.0,1.0,0.0,1.0,0.0,1.0,0.323543002902,0.0
0.166666666667,0.0,0.0,1.0,1.0,1.0,0.0,0.0,0.218391526959,1.0
0.333333333333,0.0,0.0,0.0,1.0,1.0,0.0,0.0,0.0928855289181,0.0
0.166666666667,1.0,0.0,0.0,0.0,0.0,0.0,0.0,0.0370751002754,0.0
0.833333333333,0.0,1.0,0.0,0.0,0.0,1.0,0.0,0.181870945084,0.0
0.0,0.0,0.0,0.0,0.0,1.0,1.0,1.0,0.11885917081,1.0
0.166666666667,1.0,0.0,1.0,0.0,0.0,0.0,0.0,0.159841777416,1.0
0.333333333333,0.0,0.0,1.0,1.0,1.0,0.0,0.0,0.138940130497,0.0
0.833333333333,1.0,1.0,1.0,0.0,1.0,0.0,0.0,0.555764218776,0.0
0.333333333333,1.0,0.0,0.0,0.0,1.0,0.0,1.0,0.291576865492,1.0
0.666666666667,1.0,0.0,0.0,0.0,1.0,0.0,0.0,0.338411489621,1.0
0.5,1.0,1.0,1.0,0.0,1.0,0.0,0.0,0.713702149683,1.0
0.166666666667,0.0,1.0,1.0,1.0,1.0,0.0,0.0,0.444383652798,1.0
0.166666666667,1.0,1.0,0.0,0.0,0.0,0.0,1.0,0.316752000887,1.0
0.833333333333,0.0,1.0,1.0,0.0,1.0,1.0,0.0,0.635832979058,1.0
0.333333333333,1.0,0.0,0.0,0.0,0.0,0.0,0.0,0.10265614314,0.5
0.666666666667,1.0,0.0,0.0,0.0,0.0,0.0,0.0,0.210195744995,1.0
0.666666666667,1.0,0.0,0.0,0.0,1.0,0.0,1.0,0.38759357498,1.0
1.0,0.0,1.0,0.0,1.0,1.0,0.0,1.0,0.461314947968,0.0
0.833333333333,1.0,0.0,1.0,0.0,1.0,0.0,0.0,0.472486645349,1.0
0.333333333333,0.0,0.0,0.0,1.0,0.0,0.0,1.0,0.129398717214,1.0
0.0,1.0,0.0,0.0,0.0,0.0,0.0,1.0,0.0280992957616,0.0
0.5,1.0,0.0,0.0,0.0,0.0,0.0,0.0,0.176237038132,1.0
0.833333333333,0.0,1.0,0.0,0.0,0.0,1.0,0.0,0.330803497163,1.0
0.666666666667,1.0,0.0,0.0,0.0,1.0,0.0,0.0,0.186162917506,0.0
0.333333333333,0.0,0.0,0.0,1.0,1.0,0.0,0.0,0.147538862498,0.5
0.833333333333,0.0,0.0,1.0,0.0,0.0,1.0,1.0,0.119424779579,0.0
0.833333333333,0.0,0.0,0.0,0.0,0.0,1.0,1.0,0.172725088261,1.0
0.0,1.0,0.0,0.0,0.0,1.0,0.0,0.0,0.161601449141,1.0
0.5,1.0,1.0,0.0,0.0,1.0,0.0,0.0,0.581382968892,1.0
1.0,1.0,0.0,0.0,0.0,1.0,0.0,0.0,0.42564832443,1.0
0.666666666667,0.0,1.0,0.0,0.0,1.0,1.0,0.0,0.364159627364,0.5
0.666666666667,0.0,0.0,0.0,1.0,1.0,0.0,0.0,0.275181604776,1.0
0.333333333333,0.0,1.0,0.0,1.0,1.0,0.0,1.0,0.47599859522,1.0
0.0,0.0,0.0,0.0,1.0,1.0,0.0,0.0,0.126470860058,1.0
0.5,0.0,0.0,0.0,1.0,1.0,0.0,1.0,0.209012772407,0.5
1.0,0.0,0.0,0.0,1.0,0.0,0.0,0.0,0.157298386351,0.5
0.333333333333,0.0,0.0,1.0,0.0,1.0,1.0,0.0,0.211363930426,1.0
0.5,0.0,0.0,0.0,1.0,1.0,0.0,0.0,0.119424779579,0.0
0.666666666667,0.0,1.0,1.0,1.0,1.0,0.0,0.0,0.6785715606,1.0
0.5,0.0,0.0,0.0,1.0,1.0,0.0,1.0,0.265229847877,1.0
0.666666666667,1.0,0.0,0.0,0.0,0.0,0.0,0.0,0.150954695847,0.5
0.5,1.0,0.0,1.0,0.0,1.0,0.0,0.0,0.381737860668,1.0
0.5,1.0,0.0,0.0,0.0,1.0,0.0,0.0,0.292745050923,1.0
0.5,0.0,0.0,1.0,1.0,1.0,0.0,1.0,0.192410491488,0.0
0.0,1.0,0.0,0.0,0.0,1.0,0.0,0.0,0.0729820151199,0.0
0.666666666667,0.0,1.0,0.0,1.0,0.0,0.0,1.0,0.401645071256,1.0
0.666666666667,0.0,0.0,0.0,1.0,1.0,0.0,0.0,0.203645034288,0.5
0.5,0.0,0.0,0.0,0.0,0.0,1.0,1.0,0.125298977838,1.0
0.666666666667,1.0,0.0,0.0,0.0,1.0,0.0,0.0,0.33489953975,1.0
0.5,0.0,1.0,0.0,0.0,0.0,1.0,1.0,0.292745050923,1.0
0.5,1.0,0.0,0.0,0.0,1.0,0.0,0.0,0.22755217094,0.5
0.666666666667,1.0,0.0,1.0,0.0,0.0,0.0,0.0,0.143623962588,0.0
0.666666666667,0.0,0.0,0.0,1.0,1.0,0.0,1.0,0.239259902774,0.5
0.0,0.0,0.0,0.0,1.0,0.0,0.0,0.0,0.0,0.0
0.333333333333,1.0,0.0,0.0,0.0,1.0,0.0,0.0,0.191937302453,0.5
0.5,1.0,0.0,1.0,0.0,1.0,0.0,0.0,0.370614221549,1.0
0.666666666667,1.0,0.0,0.0,0.0,0.0,0.0,0.0,0.206680098335,1.0
0.166666666667,1.0,0.0,0.0,0.0,1.0,0.0,0.0,0.150954695847,0.5
0.5,0.0,0.0,0.0,1.0,1.0,0.0,0.0,0.23537088039,1.0
0.666666666667,1.0,0.0,0.0,0.0,1.0,0.0,0.0,0.187726659396,0.0
0.833333333333,0.0,0.0,0.0,1.0,1.0,0.0,1.0,0.34836694331,1.0
0.166666666667,0.0,0.0,0.0,0.0,0.0,1.0,0.0,0.0556292859651,1.0
0.0,1.0,0.0,0.0,0.0,0.0,0.0,0.0,0.050450084102,0.5
0.833333333333,0.0,0.0,0.0,1.0,0.0,0.0,0.0,0.184432820096,1.0
0.666666666667,0.0,0.0,1.0,1.0,1.0,0.0,0.0,0.346610968374,1.0
0.666666666667,1.0,0.0,0.0,0.0,1.0,0.0,1.0,0.212702168167,0.0
0.5,0.0,0.0,0.0,1.0,1.0,0.0,0.0,0.118256594148,0.0
0.833333333333,1.0,0.0,1.0,0.0,0.0,0.0,0.0,0.309140311639,1.0
0.833333333333,1.0,0.0,0.0,0.0,1.0,0.0,0.0,0.301221788876,0.5
0.5,0.0,0.0,0.0,0.0,1.0,1.0,0.0,0.138758987819,0.5
0.0,1.0,0.0,0.0,0.0,1.0,0.0,0.0,0.165113399013,1.0
0.166666666667,0.0,0.0,1.0,0.0,1.0,1.0,1.0,0.206096005619,1.0
0.833333333333,1.0,1.0,0.0,0.0,1.0,0.0,0.0,0.446483429142,0.0
0.666666666667,0.0,1.0,0.0,1.0,1.0,0.0,0.0,0.544500101662,1.0
0.5,1.0,1.0,0.0,0.0,1.0,0.0,0.0,0.348914068132,0.0
0.5,1.0,1.0,0.0,0.0,0.0,0.0,0.0,0.211142123066,0.0
0.166666666667,1.0,0.0,0.0,0.0,1.0,0.0,1.0,0.241810687418,1.0
0.333333333333,1.0,1.0,0.0,0.0,1.0,0.0,0.0,0.502345612835,1.0
0.5,0.0,1.0,0.0,0.0,0.0,1.0,0.0,0.257618158629,1.0
0.666666666667,1.0,1.0,0.0,0.0,1.0,0.0,0.0,0.400040664683,0.0
0.0,0.0,0.0,1.0,1.0,0.0,0.0,0.0,0.0860723461674,1.0
0.5,0.0,0.0,1.0,0.0,1.0,1.0,1.0,0.289817193767,1.0
0.5,0.0,1.0,1.0,0.0,0.0,1.0,0.0,0.328459732722,1.0
0.0,0.0,0.0,0.0,1.0,1.0,0.0,0.0,0.121787027966,1.0
0.5,0.0,0.0,0.0,1.0,0.0,0.0,0.0,0.0924086430935,0.5
0.5,0.0,0.0,0.0,1.0,1.0,0.0,0.0,0.119036616698,0.0
0.833333333333,1.0,0.0,1.0,0.0,1.0,0.0,0.0,0.484782166688,1.0
0.666666666667,0.0,0.0,0.0,0.0,0.0,1.0,0.0,0.0441026968078,0.0
0.5,0.0,1.0,0.0,0.0,1.0,1.0,0.0,0.313417496904,0.5
0.666666666667,0.0,0.0,0.0,1.0,1.0,0.0,0.0,0.206084915251,0.5
0.833333333333,1.0,0.0,0.0,0.0,1.0,0.0,0.0,0.216217814828,0.0
0.833333333333,0.0,1.0,1.0,0.0,0.0,1.0,0.0,0.428576181586,1.0
0.666666666667,1.0,0.0,0.0,0.0,1.0,0.0,1.0,0.383493835604,1.0
1.0,1.0,0.0,0.0,0.0,1.0,0.0,0.0,0.333420824014,0.5
0.333333333333,0.0,0.0,0.0,1.0,1.0,0.0,0.0,0.197312434151,1.0
0.0,0.0,0.0,0.0,0.0,0.0,1.0,0.0,0.0363098648823,1.0
0.5,1.0,1.0,1.0,0.0,1.0,0.0,0.0,0.437115764958,0.0
0.833333333333,0.0,0.0,0.0,0.0,1.0,1.0,0.0,0.253518419253,1.0
0.0,0.0,0.0,1.0,0.0,0.0,1.0,1.0,0.0179516090276,0.0
0.166666666667,0.0,0.0,0.0,0.0,0.0,1.0,1.0,0.0720208498919,1.0
0.666666666667,0.0,0.0,0.0,1.0,1.0,0.0,1.0,0.241699783738,0.5
0.166666666667,0.0,0.0,0.0,1.0,1.0,0.0,0.0,0.160429566921,1.0
0.666666666667,0.0,0.0,0.0,1.0,1.0,0.0,1.0,0.307968429419,1.0
0.166666666667,0.0,0.0,0.0,0.0,1.0,1.0,0.0,0.128814624499,1.0
0.833333333333,0.0,0.0,0.0,1.0,1.0,0.0,0.0,0.313236354226,1.0
0.666666666667,0.0,0.0,0.0,1.0,1.0,0.0,1.0,0.314408236447,1.0
0.5,1.0,0.0,0.0,0.0,1.0,0.0,0.0,0.158843644295,0.0
0.0,0.0,0.0,1.0,1.0,1.0,0.0,0.0,0.0780577068816,0.0
0.666666666667,0.0,0.0,0.0,1.0,1.0,0.0,1.0,0.313236354226,1.0
0.333333333333,1.0,0.0,0.0,0.0,1.0,0.0,0.0,0.128792443763,0.0
0.666666666667,1.0,0.0,0.0,0.0,0.0,0.0,0.0,0.153882553003,0.5
0.666666666667,1.0,0.0,1.0,0.0,1.0,0.0,0.0,0.423308256779,1.0
1.0,0.0,1.0,0.0,1.0,0.0,0.0,0.0,0.441455795641,1.0
1.0,1.0,0.0,0.0,0.0,1.0,0.0,0.0,0.42447644221,1.0
0.166666666667,0.0,0.0,1.0,0.0,1.0,1.0,0.0,0.175652945417,1.0
0.666666666667,0.0,1.0,0.0,0.0,0.0,1.0,0.0,0.292160958208,1.0
1.0,1.0,1.0,0.0,0.0,0.0,0.0,0.0,0.533376462542,1.0
0.666666666667,1.0,0.0,0.0,0.0,1.0,0.0,0.0,0.256823348921,0.5
0.5,0.0,0.0,1.0,0.0,0.0,1.0,1.0,0.0745420602207,0.0
0.833333333333,0.0,0.0,0.0,1.0,1.0,0.0,0.0,0.313236354226,1.0
1.0,0.0,1.0,0.0,1.0,1.0,0.0,0.0,0.661595903957,1.0
0.5,1.0,0.0,1.0,0.0,1.0,0.0,0.0,0.375882146356,1.0
1.0,0.0,0.0,1.0,1.0,0.0,0.0,1.0,0.174455185671,0.0
0.833333333333,0.0,0.0,0.0,0.0,1.0,1.0,1.0,0.296260697584,1.0
0.666666666667,0.0,1.0,0.0,0.0,1.0,1.0,0.0,0.461947098945,1.0
0.666666666667,1.0,1.0,0.0,0.0,0.0,0.0,0.0,0.247829060461,0.0
0.666666666667,0.0,0.0,0.0,1.0,1.0,0.0,1.0,0.309140311639,1.0
0.666666666667,1.0,1.0,1.0,0.0,1.0,0.0,0.0,0.503465740005,0.0
0.666666666667,0.0,0.0,0.0,1.0,0.0,0.0,0.0,0.161601449141,1.0
0.166666666667,0.0,0.0,0.0,0.0,1.0,1.0,0.0,0.130570599434,1.0
0.0,1.0,1.0,1.0,0.0,1.0,0.0,0.0,0.454923199201,1.0
0.833333333333,1.0,1.0,0.0,0.0,1.0,0.0,1.0,0.809718859171,1.0
0.0,0.0,0.0,0.0,0.0,1.0,1.0,0.0,0.0971959852868,1.0
0.833333333333,1.0,1.0,0.0,0.0,1.0,0.0,1.0,0.820258405575,1.0
0.166666666667,1.0,1.0,0.0,0.0,1.0,0.0,0.0,0.438527938485,1.0
0.166666666667,0.0,0.0,0.0,1.0,1.0,0.0,0.0,0.165697491728,1.0
0.5,0.0,1.0,1.0,1.0,1.0,0.0,1.0,0.663935971609,1.0
0.833333333333,1.0,1.0,0.0,0.0,0.0,0.0,0.0,0.48946599878,1.0
1.0,0.0,0.0,0.0,1.0,0.0,0.0,1.0,0.24532263729,1.0
0.0,1.0,0.0,0.0,0.0,0.0,0.0,0.0,0.0872442283876,1.0
1.0,0.0,0.0,0.0,0.0,1.0,1.0,0.0,0.291576865492,1.0
0.0,0.0,0.0,0.0,0.0,1.0,1.0,0.0,0.0572817507994,0.5
0.666666666667,0.0,0.0,0.0,0.0,1.0,1.0,1.0,0.257030369124,1.0
0.0,0.0,0.0,0.0,1.0,1.0,0.0,0.0,0.122958910187,1.0
0.833333333333,1.0,0.0,1.0,0.0,1.0,0.0,0.0,0.481854309532,1.0
0.166666666667,0.0,0.0,0.0,1.0,1.0,0.0,1.0,0.0862534888449,0.0
1.0,0.0,1.0,0.0,1.0,1.0,0.0,0.0,0.666279736049,1.0
0.5,1.0,0.0,0.0,0.0,1.0,0.0,0.0,0.288061218831,1.0
0.5,1.0,0.0,1.0,0.0,1.0,0.0,0.0,0.379981885732,1.0
0.833333333333,0.0,0.0,1.0,1.0,1.0,0.0,1.0,0.258368606865,0.0
0.833333333333,1.0,1.0,0.0,0.0,0.0,0.0,0.0,0.486538141624,1.0
0.0,1.0,1.0,0.0,0.0,1.0,0.0,1.0,0.3987172141,1.0
0.666666666667,0.0,0.0,0.0,0.0,1.0,1.0,1.0,0.25879004085,1.0
0.166666666667,1.0,0.0,0.0,0.0,1.0,0.0,1.0,0.175837784884,0.5
0.666666666667,0.0,0.0,0.0,1.0,1.0,0.0,0.0,0.276353486997,1.0
1.0,1.0,0.0,0.0,0.0,0.0,0.0,0.0,0.265813940593,1.0
0.666666666667,1.0,1.0,0.0,0.0,1.0,0.0,0.0,0.662179996673,1.0
0.666666666667,1.0,0.0,1.0,0.0,1.0,0.0,0.0,0.427992088871,1.0
0.666666666667,1.0,0.0,0.0,0.0,1.0,0.0,0.0,0.33489953975,1.0
0.0,1.0,0.0,1.0,0.0,0.0,0.0,1.0,0.100216262176,0.5
0.666666666667,0.0,1.0,1.0,0.0,0.0,1.0,0.0,0.216605977708,0.0
0.5,0.0,0.0,0.0,1.0,1.0,0.0,0.0,0.231271141014,1.0
0.5,1.0,0.0,1.0,0.0,1.0,0.0,1.0,0.247829060461,0.0
0.5,1.0,0.0,0.0,0.0,1.0,0.0,0.0,0.291576865492,1.0
0.666666666667,1.0,0.0,1.0,0.0,1.0,0.0,0.0,0.34171641929,0.5
0.666666666667,0.0,0.0,0.0,1.0,1.0,0.0,0.0,0.275181604776,1.0
0.5,0.0,0.0,0.0,1.0,1.0,0.0,0.0,0.178277665847,0.5
0.5,1.0,0.0,0.0,0.0,1.0,0.0,1.0,0.182262804754,0.0
0.666666666667,1.0,0.0,1.0,0.0,0.0,0.0,0.0,0.203645034288,0.5
0.5,1.0,0.0,0.0,0.0,1.0,0.0,0.0,0.222672409013,0.5
0.666666666667,0.0,0.0,0.0,1.0,1.0,0.0,0.0,0.142063917488,0.0
0.833333333333,0.0,1.0,0.0,1.0,1.0,0.0,1.0,0.540770041219,0.5
0.833333333333,1.0,0.0,0.0,0.0,1.0,0.0,1.0,0.426232417146,1.0
0.166666666667,1.0,0.0,0.0,0.0,0.0,0.0,0.0,0.0772850779098,0.5
0.666666666667,1.0,0.0,1.0,0.0,1.0,0.0,0.0,0.429160274302,1.0
0.833333333333,1.0,0.0,0.0,0.0,0.0,0.0,1.0,0.2710818654,1.0
0.333333333333,1.0,0.0,0.0,0.0,1.0,0.0,0.0,0.250006469381,1.0
0.166666666667,1.0,0.0,0.0,0.0,1.0,0.0,0.0,0.0960093159091,0.0
0.666666666667,0.0,1.0,0.0,1.0,1.0,0.0,1.0,0.49393541709,0.5
0.5,1.0,1.0,0.0,0.0,0.0,0.0,0.0,0.295366074564,0.5
0.833333333333,1.0,1.0,0.0,0.0,1.0,0.0,0.0,0.439847692279,0.0
0.833333333333,1.0,1.0,0.0,0.0,1.0,0.0,0.0,0.580288719247,0.5
0.333333333333,0.0,0.0,0.0,1.0,1.0,0.0,1.0,0.231271141014,1.0
0.666666666667,0.0,0.0,0.0,1.0,1.0,0.0,0.0,0.27342562984,1.0
0.666666666667,0.0,0.0,0.0,1.0,1.0,0.0,0.0,0.276353486997,1.0
0.0,1.0,0.0,0.0,0.0,1.0,0.0,0.0,0.168625348884,1.0
0.333333333333,0.0,1.0,1.0,0.0,1.0,1.0,0.0,0.452579434761,1.0
0.5,1.0,0.0,0.0,0.0,0.0,0.0,0.0,0.176237038132,1.0
0.666666666667,0.0,1.0,0.0,1.0,1.0,0.0,0.0,0.545671983882,1.0
0.5,0.0,0.0,0.0,1.0,1.0,0.0,0.0,0.236539065821,1.0
0.0,0.0,0.0,0.0,1.0,1.0,0.0,0.0,0.124714885122,1.0
0.666666666667,1.0,0.0,1.0,0.0,1.0,0.0,0.0,0.429160274302,1.0
0.666666666667,0.0,0.0,0.0,0.0,1.0,1.0,1.0,0.194865159609,0.5
0.666666666667,1.0,0.0,0.0,0.0,1.0,0.0,0.0,0.256823348921,0.5
0.5,0.0,0.0,1.0,1.0,1.0,0.0,0.0,0.300944529676,1.0
0.666666666667,0.0,0.0,1.0,0.0,1.0,1.0,1.0,0.33607142197,1.0
0.666666666667,0.0,0.0,0.0,1.0,0.0,0.0,1.0,0.190872627123,1.0
0.666666666667,1.0,0.0,0.0,0.0,1.0,0.0,0.0,0.340755254062,1.0
0.666666666667,1.0,0.0,0.0,0.0,1.0,0.0,0.0,0.182262804754,0.0
1.0,1.0,1.0,0.0,0.0,0.0,0.0,0.0,0.322374817471,0.0
0.5,1.0,1.0,0.0,0.0,1.0,0.0,0.0,0.581382968892,1.0
0.5,1.0,0.0,0.0,0.0,1.0,0.0,0.0,0.290404983272,1.0
0.5,1.0,0.0,0.0,0.0,0.0,0.0,1.0,0.155346481581,0.5
0.833333333333,0.0,0.0,0.0,1.0,1.0,0.0,0.0,0.167431285928,0.0
0.0,0.0,1.0,0.0,0.0,1.0,1.0,0.0,0.242394780133,1.0
1.0,0.0,0.0,0.0,0.0,0.0,1.0,0.0,0.170969113325,1.0
0.666666666667,1.0,0.0,0.0,0.0,0.0,0.0,0.0,0.210195744995,1.0
0.666666666667,1.0,0.0,0.0,0.0,0.0,0.0,1.0,0.237126855326,1.0
0.333333333333,0.0,0.0,0.0,1.0,1.0,0.0,0.0,0.194388273784,1.0
0.666666666667,0.0,0.0,1.0,1.0,1.0,0.0,0.0,0.354806750337,1.0
0.5,1.0,1.0,1.0,0.0,1.0,0.0,0.0,0.727753645958,1.0
0.0,0.0,0.0,1.0,0.0,0.0,1.0,1.0,0.0480138999279,0.5
0.666666666667,1.0,0.0,0.0,0.0,1.0,0.0,0.0,0.183042827304,0.0
0.5,1.0,1.0,1.0,0.0,1.0,0.0,0.0,0.44179959705,0.0
0.0,0.0,0.0,0.0,1.0,0.0,0.0,1.0,0.0436221141938,0.5
0.5,0.0,0.0,1.0,1.0,1.0,0.0,0.0,0.299772647456,1.0
0.833333333333,0.0,0.0,0.0,1.0,0.0,0.0,0.0,0.185020609601,1.0
0.833333333333,1.0,1.0,0.0,0.0,1.0,0.0,1.0,0.800938984492,1.0
0.833333333333,0.0,0.0,0.0,1.0,1.0,0.0,1.0,0.354806750337,1.0
0.5,0.0,0.0,0.0,0.0,1.0,1.0,0.0,0.1949723665,1.0
0.333333333333,1.0,0.0,0.0,0.0,1.0,0.0,0.0,0.254690301473,1.0
0.666666666667,1.0,0.0,1.0,0.0,1.0,0.0,0.0,0.433260013678,1.0
0.333333333333,1.0,0.0,0.0,0.0,1.0,0.0,0.0,0.189009445297,0.5
0.5,0.0,0.0,1.0,0.0,1.0,1.0,0.0,0.252934326537,1.0
0.5,0.0,0.0,1.0,1.0,1.0,0.0,1.0,0.266094896582,0.5
0.5,1.0,1.0,1.0,0.0,0.0,0.0,0.0,0.474826713,1.0
1.0,0.0,0.0,0.0,0.0,1.0,1.0,1.0,0.332559472098,1.0
0.833333333333,1.0,0.0,0.0,0.0,1.0,0.0,0.0,0.382321953383,1.0
0.5,1.0,0.0,0.0,0.0,1.0,0.0,0.0,0.292745050923,1.0
0.5,1.0,0.0,1.0,0.0,0.0,0.0,0.0,0.172909927728,0.5
0.5,1.0,0.0,1.0,0.0,0.0,0.0,0.0,0.231271141014,1.0
0.666666666667,0.0,0.0,0.0,0.0,1.0,1.0,0.0,0.111620857285,0.0
0.833333333333,0.0,0.0,0.0,1.0,1.0,0.0,1.0,0.270974658509,0.5
1.0,0.0,0.0,0.0,0.0,0.0,1.0,0.0,0.12265947025,0.5
0.666666666667,1.0,1.0,0.0,0.0,1.0,0.0,1.0,0.733609360271,1.0
0.5,1.0,0.0,1.0,0.0,0.0,0.0,1.0,0.274009722556,1.0
0.5,0.0,0.0,1.0,1.0,0.0,0.0,0.0,0.182092752445,1.0
0.666666666667,1.0,1.0,0.0,0.0,0.0,0.0,1.0,0.493562041367,1.0
0.666666666667,0.0,0.0,0.0,1.0,1.0,0.0,0.0,0.2710818654,1.0
0.5,0.0,0.0,0.0,1.0,1.0,0.0,0.0,0.232443023234,1.0
0.5,1.0,1.0,0.0,0.0,1.0,0.0,0.0,0.571431211992,1.0
0.166666666667,1.0,1.0,1.0,0.0,1.0,0.0,0.0,0.549768026469,1.0
0.5,1.0,0.0,0.0,0.0,1.0,0.0,1.0,0.340171161346,1.0
0.166666666667,0.0,1.0,0.0,1.0,1.0,0.0,1.0,0.321225115987,0.5
1.0,0.0,1.0,0.0,1.0,1.0,0.0,1.0,0.748244949262,1.0
0.666666666667,0.0,0.0,0.0,0.0,1.0,1.0,0.0,0.220147501895,1.0
0.5,0.0,0.0,0.0,0.0,1.0,1.0,0.0,0.142174821168,0.5
0.666666666667,0.0,1.0,0.0,1.0,1.0,0.0,0.0,0.438317221493,0.5
0.5,0.0,0.0,0.0,1.0,1.0,0.0,0.0,0.237126855326,1.0
0.5,1.0,1.0,1.0,0.0,1.0,0.0,0.0,0.579312766862,0.5
0.833333333333,1.0,1.0,0.0,0.0,0.0,0.0,1.0,0.542156337221,1.0
0.666666666667,1.0,0.0,1.0,0.0,1.0,0.0,0.0,0.420964492338,1.0
1.0,1.0,0.0,0.0,0.0,0.0,0.0,1.0,0.23487181383,0.5
0.833333333333,1.0,0.0,0.0,0.0,1.0,0.0,0.0,0.212314005286,0.0
0.333333333333,0.0,0.0,0.0,1.0,1.0,0.0,1.0,0.225415426702,1.0
0.0,0.0,0.0,0.0,1.0,1.0,0.0,0.0,0.0870446017634,0.5
1.0,0.0,0.0,0.0,0.0,0.0,1.0,0.0,0.17038132382,1.0
0.333333333333,0.0,0.0,0.0,0.0,0.0,1.0,0.0,0.0480138999279,0.5
1.0,0.0,0.0,0.0,0.0,1.0,1.0,0.0,0.154159812203,0.0
0.5,1.0,1.0,0.0,0.0,0.0,0.0,1.0,0.42564832443,1.0
0.666666666667,0.0,1.0,1.0,1.0,1.0,0.0,0.0,0.413700301288,0.0
0.833333333333,1.0,1.0,1.0,0.0,1.0,0.0,1.0,1.0,1.0
0.5,0.0,0.0,0.0,1.0,0.0,0.0,0.0,0.0491746917802,0.0
0.5,1.0,0.0,0.0,0.0,1.0,0.0,0.0,0.297428883015,1.0
0.0,1.0,0.0,1.0,0.0,1.0,0.0,1.0,0.250590562097,1.0
0.5,0.0,0.0,1.0,1.0,1.0,0.0,0.0,0.305624664978,1.0
0.5,1.0,1.0,0.0,0.0,1.0,0.0,0.0,0.583142640617,1.0
0.666666666667,1.0,0.0,0.0,0.0,1.0,0.0,0.0,0.183822849855,0.0
0.166666666667,0.0,0.0,0.0,1.0,1.0,0.0,0.0,0.116803755938,0.5
1.0,1.0,1.0,0.0,0.0,0.0,0.0,1.0,0.361009962847,0.0
0.833333333333,1.0,0.0,0.0,0.0,1.0,0.0,0.0,0.37412617142,1.0
0.666666666667,0.0,0.0,0.0,0.0,0.0,1.0,0.0,0.123543002902,1.0
1.0,0.0,0.0,0.0,1.0,0.0,0.0,0.0,0.214879577087,1.0
1.0,0.0,0.0,0.0,1.0,0.0,0.0,0.0,0.212535812647,1.0
0.333333333333,0.0,0.0,0.0,1.0,1.0,0.0,0.0,0.200240291307,1.0
0.666666666667,1.0,1.0,1.0,0.0,1.0,0.0,1.0,0.911007190255,1.0
0.5,0.0,0.0,1.0,1.0,1.0,0.0,0.0,0.31030849707,1.0
0.833333333333,0.0,1.0,1.0,0.0,1.0,1.0,0.0,0.649884475333,1.0
0.666666666667,0.0,1.0,0.0,1.0,0.0,0.0,0.0,0.357734607493,1.0
0.5,0.0,1.0,1.0,0.0,1.0,1.0,1.0,0.465636494704,0.5
0.833333333333,0.0,0.0,0.0,1.0,0.0,0.0,1.0,0.216635552023,1.0
0.5,0.0,0.0,0.0,0.0,0.0,1.0,1.0,0.123543002902,1.0
0.833333333333,0.0,1.0,0.0,1.0,1.0,0.0,0.0,0.370377627031,0.0
0.666666666667,0.0,0.0,0.0,0.0,1.0,1.0,0.0,0.110060812185,0.0
0.166666666667,1.0,0.0,1.0,0.0,1.0,0.0,1.0,0.170163213249,0.0
0.333333333333,0.0,1.0,1.0,1.0,1.0,0.0,0.0,0.533960555258,1.0
0.666666666667,1.0,0.0,1.0,0.0,1.0,0.0,0.0,0.432088131458,1.0
1.0,0.0,0.0,1.0,1.0,1.0,0.0,0.0,0.344156300253,0.5
0.0,1.0,0.0,0.0,0.0,1.0,0.0,1.0,0.195556459215,1.0
0.833333333333,0.0,0.0,1.0,1.0,1.0,0.0,0.0,0.388177667696,1.0
0.5,0.0,1.0,1.0,0.0,1.0,1.0,0.0,0.518737176762,1.0
0.333333333333,1.0,1.0,0.0,0.0,0.0,0.0,0.0,0.329631614942,1.0
0.5,0.0,0.0,0.0,1.0,1.0,0.0,0.0,0.177789689655,0.5
0.5,0.0,0.0,1.0,1.0,1.0,0.0,0.0,0.236332045618,0.5
0.833333333333,1.0,1.0,0.0,0.0,1.0,0.0,1.0,0.650054527643,0.5
0.5,0.0,0.0,0.0,1.0,1.0,0.0,0.0,0.238298737546,1.0
0.166666666667,0.0,1.0,0.0,0.0,1.0,1.0,0.0,0.22950407571,0.5
0.666666666667,0.0,0.0,1.0,1.0,1.0,0.0,0.0,0.268534777546,0.5
0.333333333333,1.0,0.0,0.0,0.0,1.0,0.0,0.0,0.253518419253,1.0
0.0,1.0,0.0,0.0,0.0,1.0,0.0,0.0,0.0690782055785,0.0
0.5,1.0,0.0,0.0,0.0,1.0,0.0,1.0,0.333727657529,1.0
0.666666666667,1.0,0.0,0.0,0.0,1.0,0.0,0.0,0.188506681947,0.0
0.833333333333,0.0,0.0,0.0,0.0,0.0,1.0,1.0,0.178577105784,1.0
0.666666666667,1.0,0.0,0.0,0.0,1.0,0.0,1.0,0.38642169276,1.0
0.5,0.0,0.0,1.0,1.0,1.0,0.0,0.0,0.165087521488,0.0
0.5,0.0,0.0,1.0,0.0,1.0,1.0,0.0,0.187057540526,0.5
0.5,1.0,0.0,0.0,0.0,1.0,0.0,0.0,0.298600765235,1.0
0.333333333333,0.0,1.0,0.0,1.0,0.0,0.0,1.0,0.305624664978,1.0
1.0,1.0,0.0,0.0,0.0,1.0,0.0,0.0,0.423308256779,1.0
1.0,1.0,0.0,0.0,0.0,1.0,0.0,1.0,0.473070738064,1.0
0.333333333333,1.0,1.0,0.0,0.0,0.0,0.0,1.0,0.215045932608,0.0
0.5,1.0,0.0,0.0,0.0,1.0,0.0,0.0,0.291576865492,1.0
0.666666666667,1.0,1.0,0.0,0.0,1.0,0.0,0.0,0.646372525462,1.0
0.0,0.0,1.0,1.0,1.0,1.0,0.0,1.0,0.32902903828,0.5
0.333333333333,0.0,0.0,0.0,0.0,0.0,1.0,0.0,0.0167834235966,0.0
0.666666666667,1.0,0.0,1.0,0.0,0.0,0.0,0.0,0.205108962866,0.5
0.833333333333,0.0,1.0,0.0,0.0,1.0,1.0,1.0,0.586066800983,1.0
0.166666666667,0.0,0.0,0.0,1.0,1.0,0.0,0.0,0.160429566921,1.0
0.5,1.0,0.0,0.0,0.0,1.0,0.0,0.0,0.293916933144,1.0
0.0,0.0,0.0,1.0,0.0,1.0,1.0,0.0,0.134666642021,1.0
0.833333333333,0.0,1.0,1.0,1.0,1.0,0.0,0.0,0.759368588381,1.0
0.333333333333,1.0,0.0,1.0,0.0,1.0,0.0,0.0,0.330215707658,1.0
0.666666666667,1.0,1.0,0.0,0.0,1.0,0.0,0.0,0.531010517366,0.5
0.333333333333,0.0,0.0,0.0,1.0,1.0,0.0,0.0,0.14266279736,0.5
0.5,1.0,0.0,1.0,0.0,0.0,0.0,1.0,0.138940130497,0.0
0.5,0.0,0.0,0.0,0.0,1.0,1.0,0.0,0.138758987819,0.5
0.666666666667,0.0,0.0,0.0,0.0,1.0,1.0,0.0,0.221319384115,1.0
0.5,1.0,1.0,0.0,0.0,1.0,0.0,0.0,0.575530951369,1.0
0.166666666667,1.0,0.0,1.0,0.0,1.0,0.0,0.0,0.271669654905,1.0
0.666666666667,1.0,0.0,0.0,0.0,0.0,0.0,0.0,0.20843607327,1.0
0.833333333333,1.0,0.0,0.0,0.0,1.0,0.0,0.0,0.383493835604,1.0
0.5,0.0,0.0,0.0,1.0,1.0,0.0,0.0,0.239466922977,1.0
0.833333333333,0.0,1.0,0.0,0.0,0.0,1.0,0.0,0.183822849855,0.0
0.666666666667,0.0,0.0,0.0,1.0,1.0,0.0,0.0,0.270497772684,1.0
1.0,0.0,1.0,0.0,1.0,1.0,0.0,0.0,0.664523761113,1.0
0.833333333333,1.0,0.0,1.0,0.0,1.0,0.0,0.0,0.279832165764,0.0
0.666666666667,0.0,0.0,0.0,0.0,1.0,1.0,0.0,0.109277092845,0.0
0.5,0.0,1.0,0.0,1.0,1.0,0.0,0.0,0.283344115636,0.0
0.166666666667,0.0,0.0,0.0,0.0,0.0,1.0,0.0,0.00117188222029,0.0
0.0,0.0,1.0,1.0,1.0,1.0,0.0,0.0,0.295366074564,0.5
0.166666666667,1.0,0.0,0.0,0.0,1.0,0.0,0.0,0.157786362544,0.5
0.166666666667,0.0,0.0,1.0,0.0,0.0,1.0,1.0,0.113591246003,1.0
0.0,1.0,1.0,0.0,0.0,1.0,0.0,0.0,0.36183065008,1.0
0.5,0.0,0.0,0.0,0.0,1.0,1.0,0.0,0.138758987819,0.5
0.5,1.0,1.0,0.0,0.0,1.0,0.0,0.0,0.571431211992,1.0
0.5,0.0,0.0,0.0,0.0,0.0,1.0,0.0,0.0680172270383,0.5
0.833333333333,0.0,1.0,0.0,1.0,1.0,0.0,1.0,0.670375778636,1.0
0.333333333333,0.0,0.0,0.0,1.0,0.0,0.0,0.0,0.108907413911,1.0
0.0,0.0,0.0,1.0,1.0,1.0,0.0,0.0,0.166869373949,1.0
0.666666666667,0.0,0.0,0.0,0.0,0.0,1.0,0.0,0.0456627419087,0.0
0.5,1.0,0.0,0.0,0.0,1.0,0.0,0.0,0.228528123325,0.5
0.0,1.0,0.0,1.0,0.0,0.0,0.0,1.0,0.103144119332,0.5
0.833333333333,1.0,0.0,1.0,0.0,1.0,0.0,1.0,0.321594794921,0.0
1.0,1.0,1.0,0.0,0.0,0.0,0.0,1.0,0.365305632059,0.0
0.5,0.0,0.0,1.0,0.0,1.0,1.0,0.0,0.130744348533,0.0
0.833333333333,0.0,1.0,0.0,1.0,1.0,0.0,1.0,0.41682039149,0.0
0.666666666667,1.0,0.0,0.0,0.0,0.0,0.0,0.0,0.155834457773,0.5
0.833333333333,0.0,0.0,0.0,1.0,0.0,0.0,0.0,0.184432820096,1.0
0.166666666667,0.0,0.0,0.0,0.0,1.0,1.0,0.0,0.129398717214,1.0
0.666666666667,1.0,0.0,0.0,0.0,1.0,0.0,1.0,0.38642169276,1.0
0.666666666667,1.0,1.0,0.0,0.0,1.0,0.0,0.0,0.644616550526,1.0
0.5,1.0,1.0,0.0,0.0,1.0,0.0,0.0,0.587238683204,1.0
0.5,1.0,0.0,0.0,0.0,1.0,0.0,0.0,0.157283599194,0.0
0.666666666667,0.0,0.0,0.0,1.0,1.0,0.0,0.0,0.27342562984,1.0
0.5,1.0,0.0,0.0,0.0,1.0,0.0,0.0,0.292745050923,1.0
1.0,0.0,1.0,1.0,0.0,1.0,1.0,0.0,0.714286242398,1.0
0.833333333333,1.0,0.0,0.0,0.0,1.0,0.0,0.0,0.383493835604,1.0
0.0,0.0,0.0,0.0,1.0,0.0,0.0,0.0,0.0544574037448,1.0
0.5,1.0,1.0,0.0,0.0,1.0,0.0,0.0,0.57904290124,1.0
0.0,1.0,0.0,0.0,0.0,1.0,0.0,1.0,0.0909373209368,0.0
0.833333333333,0.0,0.0,0.0,1.0,1.0,0.0,0.0,0.23487181383,0.5
0.5,0.0,0.0,0.0,0.0,1.0,1.0,0.0,0.0862534888449,0.0
0.666666666667,0.0,0.0,1.0,1.0,1.0,0.0,0.0,0.348951036025,1.0
1.0,1.0,0.0,0.0,0.0,0.0,0.0,1.0,0.309140311639,1.0
0.166666666667,1.0,1.0,1.0,0.0,1.0,0.0,0.0,0.432949483374,0.5
0.833333333333,1.0,0.0,0.0,0.0,1.0,0.0,1.0,0.426232417146,1.0
0.666666666667,0.0,0.0,0.0,0.0,1.0,1.0,0.0,0.219563409179,1.0
0.833333333333,1.0,0.0,0.0,0.0,1.0,0.0,0.0,0.37412617142,1.0
0.666666666667,1.0,0.0,0.0,0.0,1.0,0.0,0.0,0.262679063234,0.5
0.5,1.0,1.0,0.0,0.0,1.0,0.0,0.0,0.581382968892,1.0
0.666666666667,0.0,0.0,1.0,0.0,0.0,1.0,0.0,0.175065155912,1.0
0.0,1.0,1.0,0.0,0.0,1.0,0.0,0.0,0.280730485573,0.5
0.5,1.0,0.0,1.0,0.0,1.0,0.0,0.0,0.370614221549,1.0
0.0,1.0,1.0,0.0,0.0,1.0,0.0,0.0,0.367686364393,1.0
0.333333333333,0.0,0.0,0.0,1.0,1.0,0.0,0.0,0.193800484279,1.0
0.5,0.0,0.0,1.0,1.0,1.0,0.0,1.0,0.344267203933,1.0
0.5,0.0,1.0,1.0,1.0,1.0,0.0,1.0,0.661595903957,1.0
0.833333333333,0.0,0.0,0.0,0.0,0.0,1.0,0.0,0.0616624461655,0.0
0.166666666667,1.0,1.0,1.0,0.0,1.0,0.0,0.0,0.538060294634,1.0
0.0,1.0,0.0,0.0,0.0,1.0,0.0,0.0,0.0745420602207,0.0
0.833333333333,1.0,0.0,0.0,0.0,1.0,0.0,0.0,0.37529805364,1.0
0.0,1.0,0.0,0.0,0.0,0.0,0.0,0.0,0.0480138999279,0.5
0.5,0.0,0.0,0.0,1.0,1.0,0.0,0.0,0.118256594148,0.0
0.833333333333,1.0,0.0,1.0,0.0,1.0,0.0,0.0,0.473658527569,1.0
0.5,1.0,1.0,0.0,0.0,1.0,0.0,0.0,0.584898615552,1.0
0.666666666667,1.0,0.0,0.0,0.0,1.0,0.0,0.0,0.33724330419,1.0
0.333333333333,0.0,0.0,0.0,1.0,1.0,0.0,0.0,0.200240291307,1.0
0.166666666667,0.0,1.0,0.0,1.0,1.0,0.0,1.0,0.395789356943,1.0
1.0,0.0,0.0,1.0,1.0,0.0,0.0,1.0,0.248531450435,0.5
1.0,1.0,1.0,1.0,0.0,1.0,0.0,0.0,0.972481100165,1.0
0.0,1.0,0.0,0.0,0.0,1.0,0.0,0.0,0.166285281233,1.0
0.0,0.0,0.0,0.0,1.0,1.0,0.0,0.0,0.128814624499,1.0
0.5,0.0,0.0,0.0,0.0,0.0,1.0,0.0,0.0660653222676,0.5
0.5,0.0,0.0,0.0,1.0,1.0,0.0,0.0,0.116304689377,0.0
0.666666666667,0.0,0.0,0.0,0.0,0.0,1.0,0.0,0.127058649563,1.0
1.0,1.0,1.0,0.0,0.0,1.0,0.0,0.0,0.500341953014,0.0
0.0,0.0,0.0,0.0,0.0,1.0,1.0,0.0,0.091343967764,1.0
0.5,1.0,0.0,0.0,0.0,0.0,0.0,1.0,0.0967893384595,0.0
0.666666666667,0.0,0.0,0.0,1.0,1.0,0.0,0.0,0.27225374762,1.0
0.333333333333,1.0,0.0,0.0,0.0,1.0,0.0,0.0,0.193889207224,0.5
0.833333333333,0.0,0.0,0.0,0.0,1.0,1.0,1.0,0.293916933144,1.0
1.0,1.0,0.0,0.0,0.0,1.0,0.0,1.0,0.282564093085,0.0
0.333333333333,0.0,0.0,1.0,0.0,1.0,1.0,0.0,0.155834457773,0.5
0.666666666667,0.0,1.0,0.0,1.0,1.0,0.0,0.0,0.542744126726,1.0
0.5,0.0,0.0,0.0,0.0,1.0,1.0,0.0,0.0889854161661,0.0
0.166666666667,0.0,0.0,0.0,1.0,1.0,0.0,0.0,0.111436017819,0.5
0.166666666667,1.0,0.0,0.0,0.0,0.0,0.0,0.0,0.0782610302952,0.5
0.5,1.0,0.0,0.0,0.0,1.0,0.0,0.0,0.295088815364,1.0
0.5,1.0,0.0,1.0,0.0,0.0,0.0,0.0,0.232443023234,1.0
0.666666666667,0.0,0.0,0.0,1.0,1.0,0.0,1.0,0.168211308479,0.0
0.833333333333,0.0,0.0,0.0,1.0,0.0,0.0,0.0,0.189704441692,1.0
0.833333333333,1.0,0.0,0.0,0.0,1.0,0.0,0.0,0.383493835604,1.0
1.0,1.0,0.0,0.0,0.0,0.0,0.0,1.0,0.167039426258,0.0
0.333333333333,1.0,0.0,0.0,0.0,1.0,0.0,1.0,0.281621411804,1.0
0.5,0.0,0.0,0.0,1.0,1.0,0.0,0.0,0.237126855326,1.0
0.5,0.0,0.0,0.0,1.0,0.0,0.0,1.0,0.158673591985,1.0
0.5,0.0,0.0,1.0,1.0,1.0,0.0,0.0,0.304456479548,1.0
0.5,0.0,0.0,1.0,0.0,1.0,1.0,1.0,0.290989075988,1.0
0.833333333333,1.0,0.0,0.0,0.0,1.0,0.0,0.0,0.376469935861,1.0
0.5,0.0,0.0,0.0,0.0,1.0,1.0,0.0,0.0893735790466,0.0
0.333333333333,0.0,0.0,0.0,1.0,0.0,0.0,0.0,0.105979556755,1.0
0.833333333333,1.0,0.0,1.0,0.0,0.0,0.0,0.0,0.165479381157,0.0
0.166666666667,1.0,1.0,0.0,0.0,1.0,0.0,1.0,0.490050091496,1.0
0.333333333333,0.0,1.0,1.0,1.0,0.0,0.0,0.0,0.185774754626,0.0
0.666666666667,0.0,0.0,0.0,1.0,1.0,0.0,1.0,0.313236354226,1.0
0.666666666667,1.0,0.0,1.0,0.0,1.0,0.0,0.0,0.248220920131,0.0
0.5,0.0,0.0,0.0,0.0,1.0,1.0,0.0,0.191460416628,1.0
1.0,0.0,0.0,1.0,0.0,0.0,1.0,0.0,0.113960924937,0.0
0.5,0.0,1.0,0.0,1.0,1.0,0.0,0.0,0.481854309532,1.0
0.666666666667,0.0,0.0,0.0,1.0,1.0,0.0,0.0,0.27225374762,1.0
0.5,0.0,1.0,0.0,1.0,1.0,0.0,0.0,0.474826713,1.0
0.666666666667,0.0,0.0,1.0,0.0,0.0,1.0,0.0,0.173893273692,1.0
0.5,0.0,0.0,0.0,1.0,0.0,0.0,0.0,0.0953365002495,0.5
0.833333333333,0.0,0.0,0.0,1.0,1.0,0.0,0.0,0.305040572263,1.0
0.666666666667,1.0,1.0,1.0,0.0,1.0,0.0,1.0,0.890515886952,1.0
0.5,0.0,0.0,0.0,1.0,0.0,0.0,0.0,0.0924086430935,0.5
0.166666666667,1.0,0.0,0.0,0.0,1.0,0.0,0.0,0.101473170551,0.0
0.166666666667,1.0,0.0,1.0,0.0,1.0,0.0,0.0,0.274009722556,1.0
0.5,1.0,1.0,0.0,0.0,1.0,0.0,0.0,0.342278331269,0.0
0.666666666667,0.0,0.0,0.0,1.0,1.0,0.0,0.0,0.2710818654,1.0
0.166666666667,1.0,0.0,1.0,0.0,1.0,0.0,0.0,0.267569915528,1.0
0.5,0.0,1.0,0.0,0.0,1.0,1.0,0.0,0.408084878283,1.0
0.833333333333,1.0,0.0,0.0,0.0,1.0,0.0,0.0,0.295366074564,0.5
0.666666666667,1.0,0.0,0.0,0.0,1.0,0.0,1.0,0.384665717824,1.0
0.833333333333,1.0,1.0,0.0,0.0,0.0,0.0,0.0,0.48946599878,1.0
0.833333333333,0.0,0.0,0.0,1.0,1.0,0.0,0.0,0.309140311639,1.0
0.666666666667,1.0,1.0,0.0,0.0,1.0,0.0,0.0,0.652228239774,1.0
1.0,0.0,0.0,0.0,1.0,1.0,0.0,0.0,0.344854993438,1.0
0.666666666667,0.0,0.0,0.0,1.0,1.0,0.0,0.0,0.203645034288,0.5
0.5,0.0,0.0,1.0,1.0,1.0,0.0,0.0,0.306796547199,1.0
0.833333333333,0.0,0.0,1.0,0.0,1.0,1.0,0.0,0.259263229885,0.5
0.666666666667,0.0,1.0,1.0,0.0,1.0,1.0,1.0,0.637004861278,1.0
0.666666666667,1.0,0.0,0.0,0.0,1.0,0.0,1.0,0.382321953383,1.0
1.0,0.0,0.0,1.0,1.0,1.0,0.0,1.0,0.387087114841,0.5
0.166666666667,0.0,0.0,1.0,1.0,1.0,0.0,0.0,0.22190347683,1.0
0.333333333333,1.0,0.0,0.0,0.0,1.0,0.0,1.0,0.282793294024,1.0
1.0,0.0,0.0,0.0,1.0,1.0,0.0,1.0,0.225193619342,0.0
0.5,1.0,0.0,0.0,0.0,1.0,0.0,0.0,0.295088815364,1.0
0.833333333333,1.0,0.0,0.0,0.0,0.0,0.0,0.0,0.237710948042,1.0
0.666666666667,1.0,1.0,0.0,0.0,0.0,0.0,1.0,0.490637881,1.0
0.833333333333,1.0,0.0,0.0,0.0,0.0,0.0,1.0,0.2710818654,1.0
0.666666666667,1.0,0.0,0.0,0.0,0.0,0.0,0.0,0.20843607327,1.0
1.0,1.0,1.0,0.0,0.0,1.0,0.0,0.0,0.488634221179,0.0
0.5,0.0,0.0,0.0,1.0,1.0,0.0,0.0,0.238298737546,1.0
0.5,1.0,0.0,0.0,0.0,1.0,0.0,0.0,0.223648361398,0.5
0.833333333333,1.0,0.0,0.0,0.0,1.0,0.0,1.0,0.343180347868,0.5
0.5,0.0,0.0,0.0,1.0,0.0,0.0,1.0,0.15691761705,1.0
0.5,0.0,1.0,0.0,1.0,1.0,0.0,0.0,0.281392210865,0.0
0.166666666667,0.0,0.0,0.0,1.0,0.0,0.0,0.0,0.0140514962755,0.0
1.0,1.0,1.0,1.0,0.0,0.0,0.0,1.0,0.607120016266,0.5
0.0,0.0,1.0,0.0,0.0,1.0,1.0,0.0,0.236539065821,1.0
0.666666666667,1.0,0.0,0.0,0.0,1.0,0.0,0.0,0.259751206078,0.5
0.333333333333,1.0,0.0,0.0,0.0,1.0,0.0,0.0,0.189985397682,0.5
0.5,0.0,1.0,0.0,1.0,1.0,0.0,1.0,0.320811075581,0.0
0.833333333333,1.0,0.0,0.0,0.0,1.0,0.0,0.0,0.378810003512,1.0
0.833333333333,0.0,1.0,0.0,1.0,1.0,0.0,0.0,0.610073750947,1.0
0.666666666667,1.0,1.0,0.0,0.0,0.0,0.0,0.0,0.432675920963,1.0
0.666666666667,0.0,1.0,1.0,1.0,1.0,0.0,1.0,0.757612613445,1.0
0.833333333333,0.0,0.0,0.0,1.0,0.0,0.0,0.0,0.189704441692,1.0
1.0,0.0,1.0,0.0,1.0,1.0,0.0,0.0,0.403160754884,0.0
0.5,1.0,0.0,0.0,0.0,1.0,0.0,0.0,0.154943531543,0.0
0.5,1.0,0.0,1.0,0.0,0.0,0.0,1.0,0.274009722556,1.0
0.166666666667,1.0,0.0,0.0,0.0,0.0,0.0,1.0,0.138766381398,1.0
0.5,1.0,0.0,0.0,0.0,0.0,0.0,0.0,0.0764939649914,0.0
0.333333333333,1.0,0.0,1.0,0.0,1.0,0.0,1.0,0.360662464649,1.0
0.666666666667,0.0,0.0,0.0,0.0,0.0,1.0,0.0,0.124714885122,1.0
0.333333333333,1.0,0.0,1.0,0.0,0.0,0.0,1.0,0.23419899817,1.0
0.0,0.0,1.0,1.0,1.0,1.0,0.0,0.0,0.381153767953,1.0
0.666666666667,0.0,0.0,0.0,1.0,1.0,0.0,1.0,0.312068168795,1.0
1.0,1.0,1.0,0.0,0.0,1.0,0.0,0.0,0.493706216151,0.0
0.5,1.0,0.0,0.0,0.0,1.0,0.0,0.0,0.153379789653,0.0
1.0,1.0,0.0,0.0,0.0,1.0,0.0,0.0,0.417452542467,1.0
0.666666666667,0.0,0.0,0.0,1.0,1.0,0.0,1.0,0.310896286575,1.0
0.833333333333,1.0,1.0,0.0,0.0,0.0,0.0,0.0,0.479510545092,1.0
0.833333333333,1.0,0.0,0.0,0.0,0.0,0.0,0.0,0.234783090886,1.0
0.666666666667,0.0,1.0,0.0,0.0,1.0,1.0,0.0,0.466046838321,1.0
0.833333333333,0.0,1.0,0.0,1.0,1.0,0.0,0.0,0.610073750947,1.0
0.0,1.0,0.0,0.0,0.0,0.0,0.0,0.0,0.0872442283876,1.0
0.0,0.0,1.0,1.0,0.0,1.0,1.0,0.0,0.313824143731,1.0
0.0,1.0,1.0,0.0,0.0,1.0,0.0,0.0,0.275850723647,0.5
0.666666666667,0.0,0.0,0.0,1.0,0.0,0.0,0.0,0.160429566921,1.0
0.5,0.0,0.0,0.0,1.0,1.0,0.0,0.0,0.232443023234,1.0
0.666666666667,0.0,0.0,0.0,1.0,1.0,0.0,0.0,0.144015822258,0.0
0.333333333333,0.0,1.0,0.0,0.0,0.0,1.0,0.0,0.214291787582,1.0
0.833333333333,1.0,0.0,0.0,0.0,1.0,0.0,0.0,0.378810003512,1.0
0.833333333333,1.0,0.0,0.0,0.0,1.0,0.0,1.0,0.429748063807,1.0
0.666666666667,1.0,0.0,0.0,0.0,1.0,0.0,0.0,0.338411489621,1.0
0.666666666667,1.0,1.0,0.0,0.0,0.0,0.0,0.0,0.43677196355,1.0
0.833333333333,0.0,0.0,0.0,1.0,1.0,0.0,0.0,0.234383837637,0.5
0.666666666667,0.0,0.0,0.0,1.0,1.0,0.0,0.0,0.268157705033,1.0
0.333333333333,0.0,0.0,1.0,1.0,0.0,0.0,0.0,0.151061902737,1.0
0.833333333333,0.0,0.0,0.0,0.0,1.0,1.0,1.0,0.2968447903,1.0
1.0,0.0,1.0,1.0,1.0,1.0,0.0,0.0,0.829038280254,1.0
0.666666666667,1.0,0.0,0.0,0.0,1.0,0.0,0.0,0.262679063234,0.5
0.0,1.0,0.0,0.0,0.0,1.0,0.0,0.0,0.0706419474686,0.0
0.666666666667,0.0,0.0,1.0,0.0,1.0,1.0,0.0,0.289817193767,1.0
0.5,1.0,0.0,0.0,0.0,1.0,0.0,0.0,0.290404983272,1.0
0.333333333333,1.0,0.0,0.0,0.0,0.0,0.0,0.0,0.146378070646,1.0
0.333333333333,0.0,0.0,0.0,1.0,1.0,0.0,0.0,0.194388273784,1.0
0.5,0.0,0.0,0.0,1.0,1.0,0.0,0.0,0.23419899817,1.0
0.333333333333,1.0,0.0,0.0,0.0,1.0,0.0,0.0,0.255862183693,1.0
0.5,0.0,0.0,0.0,1.0,1.0,0.0,0.0,0.120208498919,0.0
0.5,0.0,0.0,0.0,1.0,1.0,0.0,0.0,0.230687048299,1.0
0.5,1.0,0.0,0.0,0.0,1.0,0.0,0.0,0.292745050923,1.0
0.666666666667,0.0,0.0,0.0,0.0,1.0,1.0,0.0,0.108888929964,0.0
0.666666666667,1.0,1.0,0.0,0.0,1.0,0.0,1.0,0.723069813867,1.0
0.0,1.0,0.0,0.0,0.0,1.0,0.0,0.0,0.068298183028,0.0
0.5,1.0,0.0,0.0,0.0,1.0,0.0,0.0,0.296260697584,1.0
1.0,0.0,0.0,1.0,0.0,1.0,1.0,1.0,0.325128925528,0.5
0.833333333333,0.0,1.0,0.0,1.0,1.0,0.0,0.0,0.483687917044,0.5
0.333333333333,0.0,1.0,0.0,1.0,0.0,0.0,0.0,0.138548270827,0.0
0.666666666667,0.0,0.0,0.0,1.0,1.0,0.0,0.0,0.275181604776,1.0
0.0,1.0,0.0,1.0,0.0,1.0,0.0,1.0,0.247078612225,1.0
0.666666666667,0.0,0.0,1.0,1.0,1.0,0.0,0.0,0.191626772148,0.0
0.166666666667,0.0,1.0,0.0,1.0,1.0,0.0,1.0,0.398133121384,1.0
0.333333333333,0.0,0.0,0.0,0.0,1.0,1.0,0.0,0.155157945324,1.0
0.666666666667,0.0,1.0,0.0,1.0,1.0,0.0,1.0,0.615929465259,1.0
0.833333333333,0.0,0.0,0.0,1.0,1.0,0.0,1.0,0.194362396259,0.0
0.666666666667,1.0,0.0,0.0,0.0,1.0,0.0,0.0,0.187726659396,0.0
0.833333333333,0.0,0.0,0.0,1.0,0.0,0.0,1.0,0.108108907414,0.0
0.5,1.0,0.0,1.0,0.0,1.0,0.0,1.0,0.331468919244,0.5
0.5,1.0,0.0,0.0,0.0,1.0,0.0,1.0,0.182262804754,0.0
0.666666666667,0.0,0.0,0.0,0.0,1.0,1.0,0.0,0.221319384115,1.0
0.166666666667,0.0,0.0,0.0,1.0,1.0,0.0,0.0,0.0718101328996,0.0
0.833333333333,0.0,0.0,0.0,1.0,0.0,0.0,1.0,0.106545165524,0.0
0.666666666667,0.0,0.0,0.0,0.0,1.0,1.0,0.0,0.227171401638,1.0
0.5,0.0,0.0,0.0,1.0,0.0,0.0,1.0,0.0655662557069,0.0
0.5,0.0,0.0,1.0,1.0,1.0,0.0,0.0,0.309140311639,1.0
0.166666666667,0.0,0.0,1.0,1.0,1.0,0.0,0.0,0.214879577087,1.0
0.666666666667,0.0,0.0,0.0,1.0,0.0,0.0,1.0,0.140222916397,0.5
0.833333333333,0.0,1.0,0.0,0.0,1.0,1.0,1.0,0.34266649415,0.0
0.5,1.0,0.0,0.0,0.0,0.0,0.0,0.0,0.130951368736,0.5
0.333333333333,0.0,1.0,0.0,1.0,1.0,0.0,0.0,0.24392525092,0.0
0.666666666667,1.0,0.0,1.0,0.0,1.0,0.0,1.0,0.283735975305,0.0
0.5,0.0,0.0,0.0,0.0,1.0,1.0,0.0,0.191460416628,1.0
0.833333333333,0.0,1.0,0.0,1.0,1.0,0.0,1.0,0.68091532504,1.0
0.5,0.0,1.0,0.0,1.0,1.0,0.0,0.0,0.480098334596,1.0
0.5,0.0,0.0,0.0,0.0,1.0,1.0,0.0,0.0866416517255,0.0
0.666666666667,1.0,0.0,0.0,0.0,0.0,0.0,0.0,0.203752241179,1.0
0.5,0.0,0.0,1.0,1.0,1.0,0.0,1.0,0.34953882553,1.0
0.833333333333,0.0,0.0,1.0,1.0,1.0,0.0,1.0,0.449067484889,1.0
0.666666666667,0.0,0.0,1.0,0.0,1.0,1.0,1.0,0.333727657529,1.0
1.0,1.0,1.0,0.0,0.0,1.0,0.0,0.0,0.804450934364,1.0
0.833333333333,1.0,0.0,1.0,0.0,0.0,0.0,0.0,0.304456479548,1.0
0.666666666667,1.0,0.0,0.0,0.0,1.0,0.0,0.0,0.333727657529,1.0
0.666666666667,1.0,1.0,1.0,0.0,1.0,0.0,1.0,0.903395501007,1.0
0.833333333333,1.0,0.0,0.0,0.0,1.0,0.0,1.0,0.34171641929,0.5
0.333333333333,0.0,0.0,0.0,1.0,1.0,0.0,0.0,0.198484316371,1.0
0.666666666667,0.0,0.0,0.0,0.0,1.0,1.0,0.0,0.221319384115,1.0
0.5,1.0,0.0,0.0,0.0,1.0,0.0,0.0,0.295088815364,1.0
0.5,1.0,0.0,0.0,0.0,1.0,0.0,1.0,0.328459732722,1.0
1.0,0.0,1.0,0.0,0.0,1.0,1.0,0.0,0.564407312249,1.0
0.5,1.0,0.0,0.0,0.0,1.0,0.0,0.0,0.295088815364,1.0
0.166666666667,1.0,0.0,0.0,0.0,1.0,0.0,0.0,0.100693148001,0.0
0.5,1.0,1.0,0.0,0.0,1.0,0.0,0.0,0.347350326242,0.0
0.5,1.0,1.0,0.0,0.0,0.0,0.0,1.0,0.427404299366,1.0
0.666666666667,1.0,1.0,0.0,0.0,1.0,0.0,0.0,0.660424021737,1.0
0.833333333333,0.0,1.0,0.0,0.0,1.0,1.0,1.0,0.573187186928,1.0
0.833333333333,1.0,0.0,1.0,0.0,1.0,0.0,0.0,0.476586384725,1.0
0.833333333333,1.0,0.0,1.0,0.0,1.0,0.0,1.0,0.53864438735,1.0
0.833333333333,1.0,0.0,0.0,0.0,0.0,0.0,0.0,0.12176854402,0.0
0.666666666667,0.0,0.0,0.0,1.0,1.0,0.0,0.0,0.140892035267,0.0
0.5,0.0,0.0,1.0,1.0,1.0,0.0,1.0,0.269510729931,0.5
0.833333333333,0.0,0.0,1.0,1.0,1.0,0.0,0.0,0.397545331879,1.0
0.5,1.0,1.0,1.0,0.0,1.0,0.0,0.0,0.713702149683,1.0
0.666666666667,1.0,1.0,1.0,0.0,1.0,0.0,0.0,0.815574573483,1.0
0.5,1.0,0.0,0.0,0.0,1.0,0.0,1.0,0.337827396906,1.0
0.833333333333,1.0,1.0,1.0,0.0,1.0,0.0,1.0,0.626402469455,0.0
0.666666666667,1.0,0.0,0.0,0.0,1.0,0.0,0.0,0.33489953975,1.0
0.5,1.0,0.0,1.0,0.0,0.0,0.0,1.0,0.265229847877,1.0
0.666666666667,1.0,0.0,1.0,0.0,0.0,0.0,0.0,0.144015822258,0.0
0.5,0.0,0.0,1.0,1.0,1.0,0.0,0.0,0.300944529676,1.0
0.166666666667,0.0,0.0,1.0,0.0,1.0,1.0,0.0,0.173309180976,1.0
0.666666666667,1.0,1.0,0.0,0.0,1.0,0.0,0.0,0.658080257297,1.0
0.5,0.0,0.0,0.0,1.0,1.0,0.0,0.0,0.239466922977,1.0
0.666666666667,1.0,0.0,1.0,0.0,1.0,0.0,0.0,0.249389105562,0.0
0.5,0.0,0.0,1.0,1.0,1.0,0.0,0.0,0.302112715107,1.0
0.333333333333,1.0,0.0,0.0,0.0,1.0,0.0,1.0,0.290404983272,1.0
0.333333333333,1.0,0.0,0.0,0.0,1.0,0.0,0.0,0.24532263729,1.0
0.666666666667,0.0,0.0,0.0,1.0,1.0,0.0,0.0,0.142843940038,0.0
0.666666666667,1.0,1.0,1.0,0.0,1.0,0.0,0.0,0.815574573483,1.0
0.666666666667,0.0,0.0,0.0,1.0,0.0,0.0,0.0,0.163941516793,1.0
0.5,0.0,0.0,0.0,1.0,1.0,0.0,0.0,0.230687048299,1.0
0.5,1.0,0.0,0.0,0.0,1.0,0.0,1.0,0.186554777176,0.0
0.5,0.0,0.0,0.0,0.0,1.0,1.0,0.0,0.189704441692,1.0
0.5,1.0,0.0,0.0,0.0,1.0,0.0,1.0,0.186554777176,0.0
0.5,1.0,0.0,0.0,0.0,1.0,0.0,0.0,0.224624313783,0.5
0.166666666667,0.0,1.0,1.0,1.0,0.0,0.0,0.0,0.152991626772,0.0
0.166666666667,1.0,0.0,0.0,0.0,1.0,0.0,0.0,0.206680098335,1.0
0.666666666667,1.0,0.0,0.0,0.0,1.0,0.0,1.0,0.30366166984,0.5
1.0,0.0,0.0,0.0,0.0,1.0,1.0,0.0,0.289817193767,1.0
0.5,1.0,0.0,0.0,0.0,1.0,0.0,0.0,0.295088815364,1.0
0.5,0.0,1.0,0.0,0.0,1.0,1.0,0.0,0.401057281751,1.0
0.166666666667,0.0,0.0,0.0,0.0,1.0,1.0,0.0,0.0865566255707,0.5
0.333333333333,1.0,0.0,1.0,0.0,1.0,0.0,0.0,0.324359993346,1.0
0.666666666667,0.0,0.0,1.0,1.0,1.0,0.0,0.0,0.194750559139,0.0
0.5,0.0,0.0,0.0,0.0,1.0,1.0,0.0,0.143147076764,0.5
0.666666666667,1.0,0.0,0.0,0.0,1.0,0.0,1.0,0.375882146356,1.0
0.833333333333,1.0,0.0,0.0,0.0,1.0,0.0,0.0,0.382321953383,1.0
0.833333333333,1.0,0.0,1.0,0.0,1.0,0.0,0.0,0.476586384725,1.0
0.666666666667,0.0,0.0,0.0,1.0,1.0,0.0,1.0,0.312068168795,1.0
1.0,0.0,1.0,0.0,0.0,1.0,1.0,0.0,0.453440786677,0.5
1.0,1.0,1.0,0.0,0.0,1.0,0.0,0.0,0.64956655145,0.5
0.0,0.0,0.0,0.0,0.0,1.0,1.0,0.0,0.0626494889189,0.5
0.833333333333,0.0,0.0,1.0,1.0,1.0,0.0,0.0,0.309029407959,0.5
0.666666666667,0.0,1.0,0.0,1.0,1.0,0.0,1.0,0.612413818599,1.0
0.5,0.0,1.0,0.0,0.0,0.0,1.0,1.0,0.29801667252,1.0
0.833333333333,1.0,0.0,0.0,0.0,1.0,0.0,1.0,0.343180347868,0.5
0.833333333333,0.0,1.0,0.0,0.0,0.0,1.0,0.0,0.181870945084,0.0
0.666666666667,1.0,1.0,1.0,0.0,0.0,0.0,0.0,0.327446812443,0.0
0.666666666667,0.0,0.0,0.0,0.0,1.0,1.0,0.0,0.111228997616,0.0
0.5,1.0,0.0,0.0,0.0,0.0,0.0,1.0,0.203168148463,1.0
0.666666666667,1.0,0.0,0.0,0.0,1.0,0.0,0.0,0.33489953975,1.0
0.833333333333,1.0,0.0,1.0,0.0,1.0,0.0,0.0,0.279832165764,0.0
0.833333333333,1.0,1.0,0.0,0.0,0.0,0.0,0.0,0.490637881,1.0
0.5,0.0,0.0,0.0,1.0,0.0,0.0,0.0,0.131742481655,1.0
0.5,1.0,0.0,0.0,0.0,0.0,0.0,0.0,0.175065155912,1.0
0.0,0.0,0.0,1.0,1.0,1.0,0.0,1.0,0.205511912904,1.0
0.0,0.0,1.0,0.0,0.0,1.0,1.0,0.0,0.234783090886,1.0
0.5,0.0,1.0,0.0,1.0,1.0,0.0,0.0,0.48829411656,1.0
0.5,0.0,0.0,0.0,1.0,1.0,0.0,1.0,0.271669654905,1.0
1.0,1.0,0.0,0.0,0.0,1.0,0.0,0.0,0.418624424687,1.0
0.166666666667,1.0,1.0,1.0,0.0,1.0,0.0,0.0,0.425141864291,0.5
0.166666666667,0.0,0.0,0.0,1.0,1.0,0.0,0.0,0.112899946397,0.5
0.0,0.0,1.0,1.0,1.0,1.0,0.0,1.0,0.418036635182,1.0
0.166666666667,1.0,0.0,0.0,0.0,1.0,0.0,0.0,0.205511912904,1.0
0.666666666667,0.0,0.0,0.0,0.0,1.0,1.0,0.0,0.169494094379,0.5
0.333333333333,1.0,1.0,0.0,0.0,1.0,0.0,0.0,0.502345612835,1.0
0.833333333333,1.0,0.0,0.0,0.0,1.0,0.0,1.0,0.429748063807,1.0
1.0,0.0,0.0,1.0,0.0,1.0,1.0,1.0,0.418624424687,1.0
0.166666666667,1.0,1.0,0.0,0.0,1.0,0.0,0.0,0.432675920963,1.0
0.833333333333,1.0,0.0,0.0,0.0,0.0,0.0,0.0,0.237710948042,1.0
0.166666666667,1.0,0.0,0.0,0.0,0.0,0.0,0.0,0.117690985379,1.0
0.666666666667,1.0,1.0,0.0,0.0,1.0,0.0,1.0,0.724825788802,1.0
1.0,1.0,1.0,0.0,0.0,1.0,0.0,0.0,0.639810724386,0.5
0.333333333333,0.0,0.0,0.0,0.0,1.0,1.0,0.0,0.116315779745,0.5
0.5,0.0,0.0,0.0,1.0,1.0,0.0,0.0,0.239466922977,1.0
0.166666666667,0.0,0.0,0.0,1.0,1.0,0.0,0.0,0.160429566921,1.0
0.333333333333,0.0,1.0,0.0,1.0,0.0,0.0,1.0,0.302700504612,1.0
0.666666666667,1.0,1.0,0.0,0.0,0.0,0.0,1.0,0.291539897599,0.0
0.166666666667,0.0,1.0,0.0,1.0,1.0,0.0,0.0,0.19670246391,0.0
0.666666666667,0.0,1.0,0.0,1.0,0.0,0.0,0.0,0.279754533188,0.5
0.0,0.0,0.0,0.0,0.0,1.0,1.0,1.0,0.114763128223,1.0
0.333333333333,1.0,0.0,0.0,0.0,1.0,0.0,0.0,0.131916230754,0.0
0.666666666667,0.0,0.0,0.0,1.0,0.0,0.0,0.0,0.163357424077,1.0
0.0,0.0,0.0,0.0,0.0,1.0,1.0,0.0,0.0936840354152,1.0
0.5,1.0,0.0,1.0,0.0,0.0,0.0,0.0,0.238298737546,1.0
1.0,1.0,1.0,0.0,0.0,1.0,0.0,0.0,0.808546976951,1.0
0.5,1.0,0.0,0.0,0.0,1.0,0.0,0.0,0.298600765235,1.0
0.833333333333,1.0,0.0,0.0,0.0,0.0,0.0,1.0,0.276353486997,1.0
0.833333333333,1.0,0.0,0.0,0.0,1.0,0.0,1.0,0.337812609748,0.5
0.5,1.0,0.0,0.0,0.0,1.0,0.0,0.0,0.297428883015,1.0
0.5,0.0,1.0,1.0,1.0,1.0,0.0,0.0,0.360621799967,0.0
1.0,0.0,0.0,0.0,1.0,1.0,0.0,0.0,0.344854993438,1.0
1.0,0.0,0.0,0.0,1.0,0.0,0.0,1.0,0.248834587161,1.0
0.5,0.0,0.0,0.0,1.0,1.0,0.0,0.0,0.117084711928,0.0
1.0,0.0,0.0,1.0,1.0,1.0,0.0,1.0,0.497661780743,1.0
0.333333333333,1.0,0.0,1.0,0.0,1.0,0.0,0.0,0.317336093603,1.0
0.5,1.0,1.0,0.0,0.0,1.0,0.0,0.0,0.463196613741,0.5
0.666666666667,1.0,0.0,0.0,0.0,0.0,0.0,0.0,0.154370529195,0.5
0.166666666667,1.0,0.0,0.0,0.0,1.0,0.0,1.0,0.23537088039,1.0
0.666666666667,1.0,1.0,1.0,0.0,1.0,0.0,0.0,0.806206909299,1.0
0.666666666667,0.0,0.0,0.0,1.0,1.0,0.0,0.0,0.203645034288,0.5
0.166666666667,0.0,1.0,0.0,0.0,1.0,1.0,0.0,0.289817193767,1.0
0.5,0.0,0.0,0.0,1.0,1.0,0.0,0.0,0.239466922977,1.0
0.5,0.0,0.0,1.0,1.0,1.0,0.0,0.0,0.305624664978,1.0
0.833333333333,1.0,0.0,0.0,0.0,1.0,0.0,0.0,0.381153767953,1.0
0.166666666667,0.0,0.0,0.0,0.0,0.0,1.0,1.0,0.0402062808451,0.5
0.833333333333,1.0,0.0,0.0,0.0,0.0,0.0,0.0,0.240054712482,1.0
0.833333333333,1.0,0.0,1.0,0.0,0.0,0.0,0.0,0.307384336704,1.0
0.666666666667,0.0,0.0,1.0,0.0,1.0,1.0,0.0,0.155331694423,0.0
0.333333333333,1.0,0.0,1.0,0.0,1.0,0.0,0.0,0.323191807915,1.0
0.666666666667,0.0,0.0,0.0,1.0,1.0,0.0,0.0,0.270497772684,1.0
1.0,1.0,0.0,0.0,0.0,0.0,0.0,0.0,0.138940130497,0.0
1.0,1.0,1.0,0.0,0.0,0.0,0.0,1.0,0.482711964659,0.5
0.5,1.0,0.0,0.0,0.0,0.0,0.0,1.0,0.100693148001,0.0
1.0,1.0,0.0,0.0,0.0,0.0,0.0,0.0,0.269325890464,1.0
1.0,0.0,0.0,0.0,1.0,1.0,0.0,0.0,0.347779153805,1.0
1.0,0.0,1.0,1.0,1.0,0.0,0.0,1.0,0.382085358866,0.0
0.666666666667,1.0,1.0,1.0,0.0,0.0,0.0,0.0,0.54098815179,1.0
0.833333333333,1.0,0.0,1.0,0.0,1.0,0.0,0.0,0.477754570156,1.0
0.5,0.0,0.0,0.0,1.0,0.0,0.0,0.0,0.131742481655,1.0
0.5,1.0,0.0,0.0,0.0,0.0,0.0,0.0,0.179164895288,1.0
0.833333333333,0.0,1.0,0.0,1.0,1.0,0.0,0.0,0.488079702778,0.5
0.833333333333,1.0,0.0,0.0,0.0,1.0,0.0,1.0,0.338788562134,0.5
0.666666666667,0.0,0.0,0.0,1.0,1.0,0.0,1.0,0.313236354226,1.0
0.666666666667,1.0,0.0,0.0,0.0,0.0,0.0,0.0,0.206680098335,1.0
0.333333333333,0.0,0.0,0.0,0.0,1.0,1.0,0.0,0.159257684701,1.0
0.5,0.0,1.0,1.0,1.0,1.0,0.0,0.0,0.605389918855,1.0
0.333333333333,1.0,0.0,0.0,0.0,1.0,0.0,0.0,0.186081588141,0.5
0.666666666667,0.0,0.0,0.0,1.0,1.0,0.0,0.0,0.269325890464,1.0
0.5,0.0,1.0,0.0,1.0,0.0,0.0,1.0,0.271950610894,0.5
0.5,0.0,0.0,0.0,1.0,1.0,0.0,0.0,0.236539065821,1.0
0.0,0.0,1.0,0.0,1.0,1.0,0.0,0.0,0.154943531543,0.0
0.333333333333,0.0,0.0,0.0,1.0,0.0,0.0,0.0,0.107735531691,1.0
0.166666666667,0.0,1.0,0.0,1.0,1.0,0.0,0.0,0.351294800466,1.0
1.0,0.0,0.0,1.0,1.0,0.0,0.0,0.0,0.279865436868,1.0
1.0,0.0,0.0,1.0,0.0,1.0,1.0,0.0,0.289026080849,0.5
0.666666666667,0.0,0.0,0.0,1.0,1.0,0.0,0.0,0.270497772684,1.0
0.666666666667,1.0,0.0,0.0,0.0,1.0,0.0,0.0,0.257799301307,0.5
0.833333333333,0.0,0.0,0.0,1.0,1.0,0.0,0.0,0.307384336704,1.0
0.666666666667,1.0,0.0,0.0,0.0,1.0,0.0,0.0,0.331387589878,1.0
0.833333333333,1.0,1.0,0.0,0.0,1.0,0.0,0.0,0.582240624018,0.5
0.333333333333,1.0,0.0,0.0,0.0,0.0,0.0,0.0,0.147549952866,1.0
0.5,1.0,1.0,0.0,0.0,1.0,0.0,0.0,0.353986063104,0.0
0.0,1.0,0.0,0.0,0.0,1.0,0.0,1.0,0.194388273784,1.0
0.166666666667,0.0,0.0,0.0,1.0,1.0,0.0,0.0,0.165697491728,1.0
0.666666666667,1.0,0.0,1.0,0.0,1.0,0.0,0.0,0.430332156522,1.0
0.666666666667,1.0,1.0,0.0,0.0,1.0,0.0,0.0,0.39379678749,0.0
0.5,1.0,0.0,0.0,0.0,0.0,0.0,1.0,0.204340030683,1.0
0.0,0.0,1.0,1.0,1.0,1.0,0.0,0.0,0.381153767953,1.0
0.666666666667,1.0,0.0,0.0,0.0,1.0,0.0,0.0,0.331387589878,1.0
0.5,1.0,0.0,0.0,0.0,0.0,0.0,0.0,0.180336777509,1.0
0.833333333333,0.0,0.0,1.0,1.0,1.0,0.0,0.0,0.394033382008,1.0
0.0,0.0,0.0,0.0,1.0,1.0,0.0,1.0,0.14462209571,1.0
0.833333333333,1.0,0.0,0.0,0.0,1.0,0.0,0.0,0.376469935861,1.0
0.333333333333,0.0,0.0,1.0,1.0,0.0,0.0,0.0,0.155157945324,1.0
1.0,1.0,0.0,0.0,0.0,0.0,0.0,1.0,0.31030849707,1.0
0.666666666667,0.0,0.0,1.0,0.0,0.0,1.0,0.0,0.177993013068,1.0
0.0,0.0,0.0,0.0,0.0,0.0,1.0,0.0,0.0363098648823,1.0
0.5,1.0,0.0,0.0,0.0,0.0,0.0,1.0,0.204340030683,1.0
0.0,1.0,1.0,0.0,0.0,0.0,0.0,0.0,0.225415426702,1.0
0.5,0.0,0.0,0.0,1.0,1.0,0.0,1.0,0.270497772684,1.0
0.333333333333,0.0,0.0,0.0,1.0,1.0,0.0,0.0,0.202584055748,1.0
0.0,1.0,1.0,0.0,0.0,0.0,0.0,0.0,0.107717047744,0.0
0.833333333333,0.0,0.0,0.0,1.0,0.0,0.0,0.0,0.186776584536,1.0
0.5,1.0,0.0,0.0,0.0,1.0,0.0,0.0,0.292745050923,1.0
0.833333333333,0.0,1.0,0.0,1.0,1.0,0.0,0.0,0.485151845622,0.5
0.666666666667,0.0,0.0,1.0,1.0,1.0,0.0,0.0,0.350122918246,1.0
0.5,0.0,1.0,0.0,1.0,0.0,0.0,0.0,0.166259403708,0.0
0.5,1.0,0.0,0.0,0.0,1.0,0.0,1.0,0.183822849855,0.0
0.666666666667,0.0,0.0,0.0,0.0,1.0,1.0,0.0,0.225415426702,1.0
1.0,1.0,0.0,1.0,0.0,1.0,0.0,1.0,0.359449917746,0.0
0.666666666667,1.0,0.0,0.0,0.0,1.0,0.0,0.0,0.331387589878,1.0
0.833333333333,1.0,0.0,1.0,0.0,1.0,0.0,0.0,0.472486645349,1.0
0.5,1.0,0.0,0.0,0.0,1.0,0.0,0.0,0.298600765235,1.0
0.0,1.0,0.0,0.0,0.0,1.0,0.0,1.0,0.194388273784,1.0
0.5,0.0,1.0,0.0,1.0,1.0,0.0,0.0,0.474826713,1.0
0.833333333333,1.0,0.0,0.0,0.0,1.0,0.0,0.0,0.29634202695,0.5
1.0,0.0,0.0,0.0,1.0,1.0,0.0,1.0,0.387005785475,1.0
0.166666666667,1.0,0.0,1.0,0.0,1.0,0.0,0.0,0.278109461932,1.0
0.5,1.0,1.0,0.0,0.0,1.0,0.0,0.0,0.571431211992,1.0
1.0,1.0,0.0,0.0,0.0,1.0,0.0,0.0,0.420964492338,1.0
0.666666666667,0.0,0.0,1.0,1.0,0.0,0.0,0.0,0.214291787582,1.0
1.0,0.0,1.0,0.0,1.0,1.0,0.0,0.0,0.662764089388,1.0
0.5,1.0,0.0,0.0,0.0,0.0,0.0,0.0,0.180336777509,1.0
0.166666666667,1.0,1.0,1.0,0.0,1.0,0.0,1.0,0.485639821815,0.5
0.0,0.0,0.0,0.0,1.0,1.0,0.0,0.0,0.126470860058,1.0
0.666666666667,1.0,0.0,0.0,0.0,0.0,0.0,0.0,0.204924123399,1.0
0.666666666667,0.0,0.0,0.0,1.0,1.0,0.0,0.0,0.27342562984,1.0
0.666666666667,1.0,0.0,0.0,0.0,1.0,0.0,0.0,0.332559472098,1.0
0.666666666667,0.0,1.0,1.0,0.0,1.0,1.0,0.0,0.568503354836,1.0
0.833333333333,0.0,0.0,0.0,1.0,0.0,0.0,1.0,0.220147501895,1.0
0.166666666667,1.0,0.0,1.0,0.0,1.0,0.0,1.0,0.313236354226,1.0
0.666666666667,0.0,1.0,0.0,0.0,1.0,1.0,0.0,0.370499621079,0.5
0.833333333333,0.0,1.0,1.0,1.0,1.0,0.0,0.0,0.757612613445,1.0
0.166666666667,0.0,1.0,0.0,1.0,1.0,0.0,1.0,0.401645071256,1.0
0.0,1.0,1.0,0.0,0.0,1.0,0.0,1.0,0.314881425482,0.5
0.833333333333,1.0,0.0,0.0,0.0,0.0,0.0,0.0,0.241810687418,1.0
0.833333333333,1.0,0.0,0.0,0.0,1.0,0.0,1.0,0.426232417146,1.0
0.333333333333,0.0,0.0,0.0,0.0,1.0,1.0,1.0,0.187944769967,1.0
0.666666666667,1.0,1.0,0.0,0.0,1.0,0.0,0.0,0.391064860169,0.0
0.666666666667,0.0,0.0,0.0,1.0,1.0,0.0,0.0,0.142063917488,0.0
0.666666666667,0.0,1.0,0.0,0.0,1.0,1.0,0.0,0.2700763387,0.0
0.666666666667,0.0,0.0,0.0,1.0,0.0,0.0,0.0,0.0698619249182,0.0
0.833333333333,1.0,0.0,0.0,0.0,1.0,0.0,1.0,0.430916249238,1.0
0.833333333333,0.0,0.0,0.0,1.0,1.0,0.0,0.0,0.309140311639,1.0
0.833333333333,0.0,0.0,1.0,1.0,1.0,0.0,0.0,0.390521432136,1.0
0.833333333333,0.0,0.0,0.0,0.0,0.0,1.0,0.0,0.150474113233,1.0
0.5,1.0,0.0,0.0,0.0,1.0,0.0,0.0,0.22755217094,0.5
0.666666666667,0.0,0.0,1.0,1.0,1.0,0.0,0.0,0.270486682316,0.5
0.5,1.0,0.0,0.0,0.0,1.0,0.0,0.0,0.289233101052,1.0
0.166666666667,0.0,0.0,0.0,0.0,1.0,1.0,1.0,0.106556255892,0.5
0.333333333333,1.0,1.0,0.0,0.0,0.0,0.0,0.0,0.329631614942,1.0
0.666666666667,1.0,0.0,0.0,0.0,1.0,0.0,0.0,0.188506681947,0.0
0.5,1.0,0.0,0.0,0.0,1.0,0.0,0.0,0.158843644295,0.0
0.833333333333,1.0,0.0,0.0,0.0,1.0,0.0,0.0,0.377638121292,1.0
0.333333333333,0.0,1.0,1.0,1.0,1.0,0.0,0.0,0.528104840946,1.0
0.0,0.0,1.0,1.0,1.0,0.0,0.0,0.0,0.172909927728,0.5
0.5,1.0,0.0,0.0,0.0,0.0,0.0,0.0,0.130951368736,0.5
0.5,1.0,0.0,1.0,0.0,0.0,0.0,0.0,0.238298737546,1.0
0.5,0.0,0.0,0.0,1.0,0.0,0.0,0.0,0.0522984787712,0.0
0.333333333333,0.0,1.0,1.0,0.0,0.0,1.0,0.0,0.283965176244,1.0
0.666666666667,1.0,0.0,0.0,0.0,1.0,0.0,0.0,0.264630968004,0.5
0.666666666667,0.0,0.0,0.0,1.0,1.0,0.0,1.0,0.167431285928,0.0
0.5,0.0,0.0,0.0,1.0,1.0,0.0,0.0,0.177789689655,0.5
0.166666666667,0.0,1.0,1.0,1.0,1.0,0.0,1.0,0.296615589361,0.0
0.833333333333,0.0,0.0,0.0,1.0,1.0,0.0,0.0,0.313236354226,1.0
0.666666666667,0.0,0.0,0.0,0.0,1.0,1.0,1.0,0.198765272361,0.5
0.166666666667,0.0,0.0,0.0,1.0,0.0,0.0,0.0,0.0825603962958,1.0
0.666666666667,1.0,0.0,0.0,0.0,1.0,0.0,0.0,0.33607142197,1.0
1.0,1.0,0.0,1.0,0.0,1.0,0.0,0.0,0.312615293617,0.0
0.833333333333,1.0,1.0,1.0,0.0,1.0,0.0,0.0,0.887000240291,1.0
0.5,0.0,1.0,0.0,1.0,0.0,0.0,0.0,0.313236354226,1.0
0.5,0.0,0.0,1.0,1.0,1.0,0.0,1.0,0.351878893181,1.0
0.666666666667,1.0,0.0,0.0,0.0,0.0,0.0,0.0,0.154858505388,0.5
1.0,1.0,1.0,0.0,0.0,0.0,0.0,0.0,0.31964289015,0.0
0.0,0.0,1.0,0.0,1.0,1.0,0.0,1.0,0.340171161346,1.0
0.0,1.0,1.0,0.0,0.0,1.0,0.0,1.0,0.413940592595,1.0
0.0,1.0,0.0,1.0,0.0,0.0,0.0,0.0,0.121787027966,1.0
0.166666666667,0.0,0.0,1.0,1.0,1.0,0.0,0.0,0.216047762518,1.0
0.666666666667,0.0,0.0,0.0,0.0,0.0,1.0,0.0,0.127642742278,1.0
0.0,1.0,0.0,0.0,0.0,0.0,0.0,0.0,0.0514260364873,0.5
0.833333333333,0.0,0.0,0.0,0.0,1.0,1.0,0.0,0.190473373875,0.5
0.0,1.0,0.0,0.0,0.0,1.0,0.0,1.0,0.14071089259,0.5
1.0,0.0,0.0,1.0,1.0,1.0,0.0,0.0,0.252904752223,0.0
0.5,1.0,1.0,1.0,0.0,1.0,0.0,1.0,0.804450934364,1.0
1.0,0.0,1.0,0.0,1.0,1.0,0.0,1.0,0.605656087688,0.5
0.833333333333,1.0,0.0,0.0,0.0,1.0,0.0,0.0,0.377638121292,1.0
0.833333333333,0.0,1.0,0.0,0.0,1.0,1.0,0.0,0.513469251955,1.0
0.0,0.0,0.0,0.0,1.0,1.0,0.0,1.0,0.061274283285,0.0
0.333333333333,1.0,0.0,0.0,0.0,1.0,0.0,1.0,0.282793294024,1.0
0.666666666667,0.0,1.0,0.0,1.0,1.0,0.0,0.0,0.320811075581,0.0
0.5,0.0,0.0,0.0,1.0,1.0,0.0,0.0,0.23537088039,1.0
0.166666666667,0.0,0.0,0.0,1.0,1.0,0.0,0.0,0.0718101328996,0.0
0.166666666667,0.0,1.0,1.0,0.0,0.0,1.0,0.0,0.119036616698,0.0
0.666666666667,0.0,0.0,0.0,1.0,1.0,0.0,0.0,0.27342562984,1.0
0.666666666667,0.0,1.0,0.0,1.0,1.0,0.0,0.0,0.323154840021,0.0
0.333333333333,0.0,1.0,0.0,1.0,1.0,0.0,0.0,0.238461396277,0.0
0.5,0.0,1.0,0.0,1.0,1.0,0.0,1.0,0.427093769062,0.5
0.833333333333,0.0,0.0,1.0,0.0,1.0,1.0,0.0,0.178750854883,0.0
0.5,0.0,0.0,0.0,1.0,1.0,0.0,0.0,0.231271141014,1.0
0.666666666667,1.0,0.0,0.0,0.0,1.0,0.0,0.0,0.257799301307,0.5
0.833333333333,0.0,0.0,0.0,0.0,1.0,1.0,0.0,0.131916230754,0.0
0.666666666667,1.0,0.0,1.0,0.0,0.0,0.0,0.0,0.206572891444,0.5
0.333333333333,1.0,0.0,0.0,0.0,1.0,0.0,0.0,0.250006469381,1.0
0.5,0.0,0.0,0.0,0.0,1.0,1.0,0.0,0.0885935564962,0.0
0.166666666667,1.0,0.0,0.0,0.0,1.0,0.0,0.0,0.204340030683,1.0
0.5,0.0,1.0,0.0,1.0,0.0,0.0,0.0,0.315580118667,1.0
0.333333333333,1.0,0.0,0.0,0.0,1.0,0.0,0.0,0.254690301473,1.0
0.166666666667,0.0,0.0,0.0,0.0,0.0,1.0,0.0,0.0591412358367,1.0
0.5,0.0,1.0,0.0,0.0,0.0,1.0,0.0,0.259374133565,1.0
0.0,1.0,0.0,0.0,0.0,0.0,0.0,0.0,0.018731631578,0.0
0.5,0.0,0.0,0.0,1.0,1.0,0.0,0.0,0.118256594148,0.0
0.666666666667,0.0,0.0,0.0,1.0,1.0,0.0,1.0,0.315580118667,1.0
0.666666666667,0.0,1.0,1.0,0.0,1.0,1.0,0.0,0.573774976433,1.0
0.666666666667,1.0,1.0,0.0,0.0,0.0,0.0,0.0,0.434431895898,1.0
0.0,0.0,0.0,1.0,1.0,1.0,0.0,0.0,0.166869373949,1.0
0.5,1.0,0.0,0.0,0.0,1.0,0.0,1.0,0.255847396536,0.5
0.5,0.0,0.0,0.0,1.0,0.0,0.0,1.0,0.112899946397,0.5
0.0,0.0,1.0,0.0,0.0,0.0,1.0,1.0,0.0718101328996,0.0
0.833333333333,1.0,1.0,0.0,0.0,1.0,0.0,0.0,0.733609360271,1.0
0.833333333333,0.0,0.0,0.0,0.0,1.0,1.0,0.0,0.252346537033,1.0
0.0,1.0,1.0,0.0,0.0,1.0,0.0,0.0,0.355978632558,1.0
0.166666666667,0.0,0.0,0.0,1.0,1.0,0.0,0.0,0.164525609508,1.0
0.833333333333,1.0,0.0,0.0,0.0,1.0,0.0,0.0,0.37529805364,1.0
0.833333333333,1.0,1.0,1.0,0.0,1.0,0.0,1.0,0.813981257278,0.5
0.666666666667,0.0,0.0,0.0,0.0,1.0,1.0,1.0,0.194865159609,0.5
0.666666666667,0.0,1.0,0.0,0.0,1.0,1.0,1.0,0.511713277019,1.0
0.5,0.0,0.0,0.0,1.0,1.0,0.0,0.0,0.120208498919,0.0
0.833333333333,1.0,0.0,0.0,0.0,1.0,0.0,1.0,0.429748063807,1.0
0.333333333333,0.0,0.0,0.0,1.0,1.0,0.0,0.0,0.0928855289181,0.0
1.0,0.0,0.0,0.0,0.0,1.0,1.0,0.0,0.154159812203,0.0
0.666666666667,0.0,0.0,0.0,0.0,1.0,1.0,1.0,0.196329088187,0.5
0.166666666667,0.0,0.0,0.0,1.0,1.0,0.0,0.0,0.0698619249182,0.0
0.166666666667,0.0,0.0,0.0,0.0,1.0,1.0,0.0,0.127642742278,1.0
0.833333333333,1.0,0.0,0.0,0.0,1.0,0.0,0.0,0.212314005286,0.0
0.5,0.0,0.0,0.0,0.0,1.0,1.0,0.0,0.140222916397,0.5
0.833333333333,0.0,0.0,0.0,0.0,1.0,1.0,0.0,0.190961350067,0.5
1.0,0.0,0.0,0.0,0.0,1.0,1.0,0.0,0.289817193767,1.0
0.166666666667,0.0,1.0,0.0,1.0,1.0,0.0,0.0,0.271950610894,0.5
1.0,1.0,0.0,0.0,0.0,0.0,0.0,0.0,0.268157705033,1.0
0.5,0.0,1.0,0.0,0.0,1.0,1.0,0.0,0.236509491507,0.0
0.666666666667,0.0,0.0,0.0,0.0,1.0,1.0,0.0,0.111620857285,0.0
0.5,1.0,0.0,0.0,0.0,1.0,0.0,0.0,0.154943531543,0.0
0.833333333333,1.0,1.0,0.0,0.0,0.0,0.0,0.0,0.381235097318,0.5
0.833333333333,1.0,0.0,0.0,0.0,1.0,0.0,0.0,0.376469935861,1.0
0.666666666667,1.0,0.0,0.0,0.0,1.0,0.0,1.0,0.300245836491,0.5
0.666666666667,1.0,0.0,0.0,0.0,1.0,0.0,0.0,0.33724330419,1.0
1.0,1.0,0.0,0.0,0.0,1.0,0.0,0.0,0.420964492338,1.0
0.5,0.0,1.0,0.0,1.0,1.0,0.0,0.0,0.483026191752,1.0
0.5,1.0,0.0,0.0,0.0,0.0,0.0,0.0,0.0776658472117,0.0
0.666666666667,1.0,0.0,0.0,0.0,1.0,0.0,1.0,0.383493835604,1.0
0.333333333333,0.0,0.0,0.0,1.0,1.0,0.0,1.0,0.232443023234,1.0
0.333333333333,0.0,1.0,0.0,1.0,1.0,0.0,1.0,0.477754570156,1.0
0.5,0.0,1.0,0.0,0.0,1.0,1.0,0.0,0.403985138907,1.0
0.666666666667,0.0,0.0,1.0,0.0,1.0,1.0,0.0,0.293916933144,1.0
0.666666666667,0.0,1.0,0.0,1.0,0.0,0.0,1.0,0.3987172141,1.0
0.833333333333,1.0,0.0,0.0,0.0,1.0,0.0,0.0,0.384665717824,1.0
0.666666666667,0.0,0.0,0.0,0.0,1.0,1.0,0.0,0.168518141994,0.5
1.0,0.0,0.0,0.0,1.0,1.0,0.0,0.0,0.341927136282,1.0
0.5,1.0,0.0,0.0,0.0,1.0,0.0,0.0,0.153379789653,0.0
0.333333333333,0.0,1.0,1.0,1.0,1.0,0.0,0.0,0.4105062753,0.5
0.333333333333,0.0,0.0,0.0,0.0,1.0,1.0,0.0,0.162769634572,1.0
0.666666666667,1.0,0.0,1.0,0.0,1.0,0.0,0.0,0.422136374559,1.0
0.666666666667,1.0,0.0,1.0,0.0,1.0,0.0,0.0,0.242757065489,0.0
0.666666666667,0.0,0.0,0.0,1.0,1.0,0.0,0.0,0.2710818654,1.0
0.833333333333,1.0,0.0,0.0,0.0,1.0,0.0,0.0,0.383493835604,1.0
0.166666666667,1.0,0.0,0.0,0.0,1.0,0.0,1.0,0.244150755069,1.0
0.0,0.0,0.0,0.0,1.0,0.0,0.0,0.0,0.0294745013955,0.5
0.5,0.0,0.0,1.0,0.0,0.0,1.0,1.0,0.173309180976,1.0
0.666666666667,1.0,0.0,0.0,0.0,1.0,0.0,0.0,0.338411489621,1.0
0.166666666667,0.0,0.0,0.0,1.0,1.0,0.0,1.0,0.18384872738,1.0
0.833333333333,1.0,1.0,0.0,0.0,1.0,0.0,0.0,0.4410195745,0.0
0.5,1.0,0.0,1.0,0.0,0.0,0.0,1.0,0.269325890464,1.0
0.333333333333,0.0,0.0,0.0,1.0,1.0,0.0,0.0,0.197312434151,1.0
0.333333333333,1.0,1.0,0.0,0.0,1.0,0.0,1.0,0.5766991368,1.0
0.666666666667,0.0,1.0,0.0,1.0,1.0,0.0,0.0,0.547427958818,1.0
0.833333333333,1.0,0.0,0.0,0.0,1.0,0.0,0.0,0.381153767953,1.0
0.666666666667,0.0,0.0,1.0,1.0,1.0,0.0,0.0,0.344267203933,1.0
0.666666666667,0.0,0.0,0.0,1.0,1.0,0.0,1.0,0.31030849707,1.0
0.833333333333,0.0,0.0,1.0,1.0,1.0,0.0,0.0,0.22011792758,0.0
0.666666666667,0.0,0.0,1.0,1.0,1.0,0.0,0.0,0.276338699839,0.5
0.666666666667,1.0,0.0,0.0,0.0,1.0,0.0,0.0,0.341927136282,1.0
0.5,0.0,0.0,0.0,1.0,1.0,0.0,0.0,0.23419899817,1.0
1.0,0.0,0.0,0.0,0.0,0.0,1.0,0.0,0.169797231105,1.0
0.666666666667,0.0,0.0,0.0,1.0,1.0,0.0,0.0,0.275181604776,1.0
0.0,0.0,1.0,0.0,1.0,0.0,0.0,1.0,0.203168148463,1.0
0.833333333333,0.0,1.0,0.0,1.0,1.0,0.0,0.0,0.610073750947,1.0
0.5,1.0,1.0,0.0,0.0,0.0,0.0,1.0,0.24626901536,0.0
0.333333333333,1.0,0.0,0.0,0.0,1.0,0.0,1.0,0.216332415297,0.5
